token,symbol,name,expiry,strike,lotsize,instrumenttype,exch_seg,tick_size,symbol_clean
1011,SCHAEFFLER-EQ,SCHAEFFLER,,-1,1,,NSE,10,SCHAEFFLER
10099,GODREJCP-EQ,GODREJCP,,-1,1,,NSE,10,GODREJCP
10227,MANORAMA-EQ,MANORAMA,,-1,1,,NSE,10,MANORAMA
10300,RAMASTEEL-EQ,RAMASTEEL,,-1,1,,NSE,1,RAMASTEEL
10343,RADHIKAJWE-EQ,RADHIKAJWE,,-1,1,,NSE,1,RADHIKAJWE
1053,UFLEX-EQ,UFLEX,,-1,1,,NSE,5,UFLEX
10578,MPSLTD-EQ,MPSLTD,,-1,1,,NSE,10,MPSLTD
10733,SPORTKING-EQ,SPORTKING,,-1,1,,NSE,1,SPORTKING
10859,DREAMFOLKS-EQ,DREAMFOLKS,,-1,1,,NSE,5,DREAMFOLKS
11149,SHRENIK-EQ,SHRENIK,,-1,1,,NSE,1,SHRENIK
11212,SHK-EQ,SHK,,-1,1,,NSE,1,SHK
11241,HDFCGROWTH-EQ,HDFCGROWTH,,-1,1,,NSE,1,HDFCGROWTH
11256,JAIBALAJI-EQ,JAIBALAJI,,-1,1,,NSE,1,JAIBALAJI
1139,GICHSGFIN-EQ,GICHSGFIN,,-1,1,,NSE,1,GICHSGFIN
11293,UNIENTER-EQ,UNIENTER,,-1,1,,NSE,1,UNIENTER
11325,MUKANDLTD-EQ,MUKANDLTD,,-1,1,,NSE,1,MUKANDLTD
11374,TIPSFILMS-EQ,TIPSFILMS,,-1,1,,NSE,5,TIPSFILMS
11407,XPROINDIA-EQ,XPROINDIA,,-1,1,,NSE,10,XPROINDIA
11411,RKFORGE-EQ,RKFORGE,,-1,1,,NSE,5,RKFORGE
11423,DATAMATICS-EQ,DATAMATICS,,-1,1,,NSE,5,DATAMATICS
11655,JBMA-EQ,JBMA,,-1,1,,NSE,5,JBMA
11813,SHOPERSTOP-EQ,SHOPERSTOP,,-1,1,,NSE,5,SHOPERSTOP
11884,MANINDS-EQ,MANINDS,,-1,1,,NSE,5,MANINDS
11915,YESBANK-EQ,YESBANK,,-1,1,,NSE,1,YESBANK
11975,RML-EQ,RML,,-1,1,,NSE,5,RML
12108,HDFCPVTBAN-EQ,HDFCPVTBAN,,-1,1,,NSE,1,HDFCPVTBAN
12124,DOLATALGO-EQ,DOLATALGO,,-1,1,,NSE,1,DOLATALGO
1008,FACT-EQ,FACT,,-1,1,,NSE,5,FACT
10217,ADANIENSOL-EQ,ADANIENSOL,,-1,1,,NSE,5,ADANIENSOL
10440,LUPIN-EQ,LUPIN,,-1,1,,NSE,10,LUPIN
10447,UNITDSPR-EQ,UNITDSPR,,-1,1,,NSE,10,UNITDSPR
10512,CONS-EQ,CONS,,-1,1,,NSE,1,CONS
10768,OAL-EQ,OAL,,-1,1,,NSE,5,OAL
10793,SYRMA-EQ,SYRMA,,-1,1,,NSE,5,SYRMA
10830,MOQLTYINAV-EQ,MOQLTYINAV,,-1,1,,NSE,1,MOQLTYINAV
10939,JUNIORBEES-EQ,JUNIORBEES,,-1,1,,NSE,1,JUNIORBEES
10990,RADICO-EQ,RADICO,,-1,1,,NSE,10,RADICO
11060,KSOLVES-EQ,KSOLVES,,-1,1,,NSE,5,KSOLVES
1110,DANGEE-EQ,DANGEE,,-1,1,,NSE,1,DANGEE
11184,IDFCFIRSTB-EQ,IDFCFIRSTB,,-1,1,,NSE,1,IDFCFIRSTB
1127,GHCL-EQ,GHCL,,-1,1,,NSE,5,GHCL
11253,WELSPUNLIV-EQ,WELSPUNLIV,,-1,1,,NSE,1,WELSPUNLIV
11309,BALAXI-EQ,BALAXI,,-1,1,,NSE,1,BALAXI
11355,PTC-EQ,PTC,,-1,1,,NSE,1,PTC
11373,BIOCON-EQ,BIOCON,,-1,1,,NSE,5,BIOCON
11399,SALZERELEC-EQ,SALZERELEC,,-1,1,,NSE,5,SALZERELEC
11457,NV20-EQ,NV20,,-1,1,,NSE,1,NV20
11480,KRIDHANINF-EQ,KRIDHANINF,,-1,1,,NSE,1,KRIDHANINF
11491,APARINDS-EQ,APARINDS,,-1,1,,NSE,50,APARINDS
11536,TCS-EQ,TCS,,-1,1,,NSE,10,TCS
11538,HDFCMOMENT-EQ,HDFCMOMENT,,-1,1,,NSE,1,HDFCMOMENT
11630,NTPC-EQ,NTPC,,-1,1,,NSE,5,NTPC
1174,GNFC-EQ,GNFC,,-1,1,,NSE,5,GNFC
11723,JSWSTEEL-EQ,JSWSTEEL,,-1,1,,NSE,5,JSWSTEEL
1186,GLAND-EQ,GLAND,,-1,1,,NSE,10,GLAND
11852,SURYALAXMI-EQ,SURYALAXMI,,-1,1,,NSE,1,SURYALAXMI
11895,DCXINDIA-EQ,DCXINDIA,,-1,1,,NSE,5,DCXINDIA
11956,MEDANTA-EQ,MEDANTA,,-1,1,,NSE,10,MEDANTA
12000,FAZE3Q-EQ,FAZE3Q,,-1,1,,NSE,5,FAZE3Q
12026,RENUKA-EQ,RENUKA,,-1,1,,NSE,1,RENUKA
12034,BASML-EQ,BASML,,-1,1,,NSE,1,BASML
10310,AURUM-EQ,AURUM,,-1,1,,NSE,1,AURUM
10350,CSLFINANCE-EQ,CSLFINANCE,,-1,1,,NSE,5,CSLFINANCE
10453,SATIN-EQ,SATIN,,-1,1,,NSE,1,SATIN
10473,POWERMECH-EQ,POWERMECH,,-1,1,,NSE,10,POWERMECH
10568,RAMAPHO-EQ,RAMAPHO,,-1,1,,NSE,1,RAMAPHO
10577,KRBL-EQ,KRBL,,-1,1,,NSE,5,KRBL
10633,HDFCNIF100-EQ,HDFCNIF100,,-1,1,,NSE,1,HDFCNIF100
10661,PONNIERODE-EQ,PONNIERODE,,-1,1,,NSE,5,PONNIERODE
10700,SURANAT&P-EQ,SURANAT&P,,-1,1,,NSE,1,SURANAT&P
10723,INFRAIETF-EQ,INFRAIETF,,-1,1,,NSE,1,INFRAIETF
10761,SILVERADD-EQ,SILVERADD,,-1,1,,NSE,1,SILVERADD
10905,GENESYS-EQ,GENESYS,,-1,1,,NSE,5,GENESYS
1100,GARFIBRES-EQ,GARFIBRES,,-1,1,,NSE,5,GARFIBRES
11226,BAGFILMS-EQ,BAGFILMS,,-1,1,,NSE,1,BAGFILMS
11319,LICNETFN50-EQ,LICNETFN50,,-1,1,,NSE,1,LICNETFN50
1134,APOLLO-EQ,APOLLO,,-1,1,,NSE,1,APOLLO
11351,PETRONET-EQ,PETRONET,,-1,1,,NSE,5,PETRONET
11377,MAHABANK-EQ,MAHABANK,,-1,1,,NSE,1,MAHABANK
11445,PILANIINVS-EQ,PILANIINVS,,-1,1,,NSE,10,PILANIINVS
11591,HDFCNIFTY-EQ,HDFCNIFTY,,-1,1,,NSE,1,HDFCNIFTY
11626,WELENT-EQ,WELENT,,-1,1,,NSE,5,WELENT
11731,CONSOFINVT-EQ,CONSOFINVT,,-1,1,,NSE,1,CONSOFINVT
1181,GODFRYPHLP-EQ,GODFRYPHLP,,-1,1,,NSE,50,GODFRYPHLP
11804,SUKHJITS-EQ,SUKHJITS,,-1,1,,NSE,1,SUKHJITS
11842,CYBERMEDIA-EQ,CYBERMEDIA,,-1,1,,NSE,1,CYBERMEDIA
1190,FMGOETZE-EQ,FMGOETZE,,-1,1,,NSE,5,FMGOETZE
11856,SHAHALLOYS-EQ,SHAHALLOYS,,-1,1,,NSE,1,SHAHALLOYS
11864,PRIMESECU-EQ,PRIMESECU,,-1,1,,NSE,1,PRIMESECU
11961,SEMAC-EQ,SEMAC,,-1,1,,NSE,5,SEMAC
11987,ICIL-EQ,ICIL,,-1,1,,NSE,5,ICIL
12072,SCPL-EQ,SCPL,,-1,1,,NSE,5,SCPL
12101,HDFCNIFIT-EQ,HDFCNIFIT,,-1,1,,NSE,1,HDFCNIFIT
10,ABAN-EQ,ABAN,,-1,1,,NSE,1,ABAN
10580,TCI-EQ,TCI,,-1,1,,NSE,10,TCI
10590,LOYALTEX-EQ,LOYALTEX,,-1,1,,NSE,5,LOYALTEX
10619,HDFCNEXT50-EQ,HDFCNEXT50,,-1,1,,NSE,1,HDFCNEXT50
10690,NIFTYQLITY-EQ,NIFTYQLITY,,-1,1,,NSE,1,NIFTYQLITY
10865,GVPTECH-EQ,GVPTECH,,-1,1,,NSE,1,GVPTECH
10932,RADAAN-EQ,RADAAN,,-1,1,,NSE,1,RADAAN
11027,INFOBEAN-EQ,INFOBEAN,,-1,1,,NSE,5,INFOBEAN
11037,BANKIETF-EQ,BANKIETF,,-1,1,,NSE,1,BANKIETF
11162,HARSHA-EQ,HARSHA,,-1,1,,NSE,5,HARSHA
11193,AXISILVER-EQ,AXISILVER,,-1,1,,NSE,1,AXISILVER
11239,NSIL-EQ,NSIL,,-1,1,,NSE,50,NSIL
11271,DREDGECORP-EQ,DREDGECORP,,-1,1,,NSE,5,DREDGECORP
11364,VAIBHAVGBL-EQ,VAIBHAVGBL,,-1,1,,NSE,5,VAIBHAVGBL
11369,TTKHLTCARE-EQ,TTKHLTCARE,,-1,1,,NSE,10,TTKHLTCARE
11530,EMIL-EQ,EMIL,,-1,1,,NSE,1,EMIL
11547,HDFCLOWVOL-EQ,HDFCLOWVOL,,-1,1,,NSE,1,HDFCLOWVOL
11566,DCI-EQ,DCI,,-1,1,,NSE,5,DCI
11580,WESTLIFE-EQ,WESTLIFE,,-1,1,,NSE,5,WESTLIFE
11634,SALSTEEL-EQ,SALSTEEL,,-1,1,,NSE,1,SALSTEEL
11821,WELCORP-EQ,WELCORP,,-1,1,,NSE,5,WELCORP
11943,MCLEODRUSS-EQ,MCLEODRUSS,,-1,1,,NSE,1,MCLEODRUSS
11966,BIKAJI-EQ,BIKAJI,,-1,1,,NSE,5,BIKAJI
12018,SUZLON-EQ,SUZLON,,-1,1,,NSE,1,SUZLON
12032,FIVESTAR-EQ,FIVESTAR,,-1,1,,NSE,5,FIVESTAR
12092,KAYNES-EQ,KAYNES,,-1,1,,NSE,50,KAYNES
12863,V1NSETEST-EQ,V1NSETEST,,-1,1,,NSE,5,V1NSETEST
12978,NPBET-EQ,NPBET,,-1,1,,NSE,1,NPBET
13057,UNIPARTS-EQ,UNIPARTS,,-1,1,,NSE,5,UNIPARTS
13082,SILVER1-EQ,SILVER1,,-1,1,,NSE,1,SILVER1
13218,SULA-EQ,SULA,,-1,1,,NSE,5,SULA
13275,INDOTECH-EQ,INDOTECH,,-1,1,,NSE,10,INDOTECH
13285,M&MFIN-EQ,M&MFIN,,-1,1,,NSE,5,M&MFIN
13290,BLKASHYAP-EQ,BLKASHYAP,,-1,1,,NSE,1,BLKASHYAP
13300,NITCO-EQ,NITCO,,-1,1,,NSE,1,NITCO
1336,HEG-EQ,HEG,,-1,1,,NSE,5,HEG
13381,KKCL-EQ,KKCL,,-1,1,,NSE,5,KKCL
13430,KELLTONTEC-EQ,KELLTONTEC,,-1,1,,NSE,1,KELLTONTEC
13463,PIONEEREMB-EQ,PIONEEREMB,,-1,1,,NSE,1,PIONEEREMB
13538,TECHM-EQ,TECHM,,-1,1,,NSE,10,TECHM
13585,ATLANTAA-EQ,ATLANTAA,,-1,1,,NSE,1,ATLANTAA
13702,VISHWARAJ-EQ,VISHWARAJ,,-1,1,,NSE,1,VISHWARAJ
13725,DCBBANK-EQ,DCBBANK,,-1,1,,NSE,1,DCBBANK
13753,MANOMAY-EQ,MANOMAY,,-1,1,,NSE,1,MANOMAY
13756,SHIVAMAUTO-EQ,SHIVAMAUTO,,-1,1,,NSE,1,SHIVAMAUTO
13794,BAIDFIN-EQ,BAIDFIN,,-1,1,,NSE,1,BAIDFIN
13839,DONEAR-EQ,DONEAR,,-1,1,,NSE,1,DONEAR
13870,KUANTUM-EQ,KUANTUM,,-1,1,,NSE,1,KUANTUM
13890,HIRECT-EQ,HIRECT,,-1,1,,NSE,10,HIRECT
14019,VEEDOL-EQ,VEEDOL,,-1,1,,NSE,10,VEEDOL
1406,HINDPETRO-EQ,HINDPETRO,,-1,1,,NSE,5,HINDPETRO
14064,ASMS-EQ,ASMS,,-1,1,,NSE,1,ASMS
14086,IGPL-EQ,IGPL,,-1,1,,NSE,5,IGPL
14101,PTL-EQ,PTL,,-1,1,,NSE,1,PTL
14116,GANDHITUBE-EQ,GANDHITUBE,,-1,1,,NSE,5,GANDHITUBE
14203,HUBTOWN-EQ,HUBTOWN,,-1,1,,NSE,1,HUBTOWN
14245,TVSSRICHAK-EQ,TVSSRICHAK,,-1,1,,NSE,10,TVSSRICHAK
14309,INDIANB-EQ,INDIANB,,-1,1,,NSE,5,INDIANB
14398,AMDIND-EQ,AMDIND,,-1,1,,NSE,1,AMDIND
1448,HLVLTD-EQ,HLVLTD,,-1,1,,NSE,1,HLVLTD
14523,ICRA-EQ,ICRA,,-1,1,,NSE,50,ICRA
14582,SRHHYPOLTD-EQ,SRHHYPOLTD,,-1,1,,NSE,5,SRHHYPOLTD
14584,PSUBNKIETF-EQ,PSUBNKIETF,,-1,1,,NSE,1,PSUBNKIETF
14764,071NSETEST-EQ,071NSETEST,,-1,1,,NSE,5,071NSETEST
14772,101NSETEST-EQ,101NSETEST,,-1,1,,NSE,5,101NSETEST
14977,POWERGRID-EQ,POWERGRID,,-1,1,,NSE,5,POWERGRID
15044,DELTACORP-EQ,DELTACORP,,-1,1,,NSE,1,DELTACORP
15058,AVALON-EQ,AVALON,,-1,1,,NSE,5,AVALON
15073,BVCL-EQ,BVCL,,-1,1,,NSE,1,BVCL
15119,EDELWEISS-EQ,EDELWEISS,,-1,1,,NSE,1,EDELWEISS
15129,RGL-EQ,RGL,,-1,1,,NSE,1,RGL
15146,JYOTHYLAB-EQ,JYOTHYLAB,,-1,1,,NSE,5,JYOTHYLAB
15204,ARIES-EQ,ARIES,,-1,1,,NSE,5,ARIES
15342,SHALPAINTS-EQ,SHALPAINTS,,-1,1,,NSE,1,SHALPAINTS
15380,MANKIND-EQ,MANKIND,,-1,1,,NSE,10,MANKIND
15399,EIHAHOTELS-EQ,EIHAHOTELS,,-1,1,,NSE,5,EIHAHOTELS
15589,AVG-EQ,AVG,,-1,1,,NSE,5,AVG
15840,LATTEYS-EQ,LATTEYS,,-1,1,,NSE,1,LATTEYS
1614,FAIRCHEMOR-EQ,FAIRCHEMOR,,-1,1,,NSE,5,FAIRCHEMOR
16249,INFIBEAM-EQ,INFIBEAM,,-1,1,,NSE,1,INFIBEAM
16589,VAISHALI-EQ,VAISHALI,,-1,1,,NSE,1,VAISHALI
16683,DIGISPICE-EQ,DIGISPICE,,-1,1,,NSE,1,DIGISPICE
16696,GHCLTEXTIL-EQ,GHCLTEXTIL,,-1,1,,NSE,1,GHCLTEXTIL
16705,GOKUL-EQ,GOKUL,,-1,1,,NSE,1,GOKUL
16863,LPDC-EQ,LPDC,,-1,1,,NSE,1,LPDC
16900,DPWIRES-EQ,DPWIRES,,-1,1,,NSE,5,DPWIRES
17053,HMAAGRO-EQ,HMAAGRO,,-1,1,,NSE,1,HMAAGRO
1708,JAYBARMARU-EQ,JAYBARMARU,,-1,1,,NSE,1,JAYBARMARU
17105,SUMICHEM-EQ,SUMICHEM,,-1,1,,NSE,5,SUMICHEM
17140,IDEAFORGE-EQ,IDEAFORGE,,-1,1,,NSE,5,IDEAFORGE
12603,PRECAM-EQ,PRECAM,,-1,1,,NSE,1,PRECAM
13111,ORIENTCER-EQ,ORIENTCER,,-1,1,,NSE,1,ORIENTCER
13197,GSPL-EQ,GSPL,,-1,1,,NSE,5,GSPL
13236,SADBHAV-EQ,SADBHAV,,-1,1,,NSE,1,SADBHAV
13276,LANDMARK-EQ,LANDMARK,,-1,1,,NSE,5,LANDMARK
1333,HDFCBANK-EQ,HDFCBANK,,-1,1,,NSE,10,HDFCBANK
13414,RSYSTEMS-EQ,RSYSTEMS,,-1,1,,NSE,5,RSYSTEMS
13457,KAMDHENU-EQ,KAMDHENU,,-1,1,,NSE,1,KAMDHENU
13517,EMAMILTD-EQ,EMAMILTD,,-1,1,,NSE,5,EMAMILTD
13611,IRCTC-EQ,IRCTC,,-1,1,,NSE,5,IRCTC
13710,FIEMIND-EQ,FIEMIND,,-1,1,,NSE,10,FIEMIND
13745,GTLINFRA-EQ,GTLINFRA,,-1,1,,NSE,1,GTLINFRA
13826,SOBHA-EQ,SOBHA,,-1,1,,NSE,10,SOBHA
13868,AARTIPHARM-EQ,AARTIPHARM,,-1,1,,NSE,5,AARTIPHARM
13880,BANCOINDIA-EQ,BANCOINDIA,,-1,1,,NSE,5,BANCOINDIA
14014,LUMAXTECH-EQ,LUMAXTECH,,-1,1,,NSE,5,LUMAXTECH
1412,AGI-EQ,AGI,,-1,1,,NSE,5,AGI
1415,GLOBAL-EQ,GLOBAL,,-1,1,,NSE,1,GLOBAL
14198,TIMKEN-EQ,TIMKEN,,-1,1,,NSE,10,TIMKEN
14230,HDFCBSE500-EQ,HDFCBSE500,,-1,1,,NSE,1,HDFCBSE500
14305,OSWALSEEDS-EQ,OSWALSEEDS,,-1,1,,NSE,1,OSWALSEEDS
14329,SMSPHARMA-EQ,SMSPHARMA,,-1,1,,NSE,5,SMSPHARMA
1442,SANOFI-EQ,SANOFI,,-1,1,,NSE,50,SANOFI
14459,LEXUS-EQ,LEXUS,,-1,1,,NSE,1,LEXUS
14707,TIMETECHNO-EQ,TIMETECHNO,,-1,1,,NSE,5,TIMETECHNO
14778,131NSETEST-EQ,131NSETEST,,-1,1,,NSE,5,131NSETEST
14784,161NSETEST-EQ,161NSETEST,,-1,1,,NSE,5,161NSETEST
14813,ADSL-EQ,ADSL,,-1,1,,NSE,1,ADSL
1491,IFCI-EQ,IFCI,,-1,1,,NSE,1,IFCI
14900,SAHYADRI-EQ,SAHYADRI,,-1,1,,NSE,5,SAHYADRI
14908,KDDL-EQ,KDDL,,-1,1,,NSE,10,KDDL
1507,MOGSEC-EQ,MOGSEC,,-1,1,,NSE,1,MOGSEC
15085,SILVERETF-EQ,SILVERETF,,-1,1,,NSE,1,SILVERETF
15156,KALYANIFRG-EQ,KALYANIFRG,,-1,1,,NSE,5,KALYANIFRG
15254,CEATLTD-EQ,CEATLTD,,-1,1,,NSE,10,CEATLTD
15295,VIRINCHI-EQ,VIRINCHI,,-1,1,,NSE,1,VIRINCHI
15332,NMDC-EQ,NMDC,,-1,1,,NSE,1,NMDC
15391,RACE-EQ,RACE,,-1,1,,NSE,5,RACE
15420,ACL-EQ,ACL,,-1,1,,NSE,1,ACL
1660,ITC-EQ,ITC,,-1,1,,NSE,5,ITC
1663,SUNDROP-EQ,SUNDROP,,-1,1,,NSE,5,SUNDROP
16908,TOUCHWOOD-EQ,TOUCHWOOD,,-1,1,,NSE,1,TOUCHWOOD
16921,20MICRONS-EQ,20MICRONS,,-1,1,,NSE,1,20MICRONS
16959,ALKALI-EQ,ALKALI,,-1,1,,NSE,1,ALKALI
17022,MAWANASUG-EQ,MAWANASUG,,-1,1,,NSE,1,MAWANASUG
17130,PARAGMILK-EQ,PARAGMILK,,-1,1,,NSE,1,PARAGMILK
17186,SHRIPISTON-EQ,SHRIPISTON,,-1,1,,NSE,10,SHRIPISTON
17307,AJMERA-EQ,AJMERA,,-1,1,,NSE,5,AJMERA
17477,CONTROLPR-EQ,CONTROLPR,,-1,1,,NSE,5,CONTROLPR
17520,RTNPOWER-EQ,RTNPOWER,,-1,1,,NSE,1,RTNPOWER
17651,POKARNA-EQ,POKARNA,,-1,1,,NSE,10,POKARNA
17659,UNIVPHOTO-EQ,UNIVPHOTO,,-1,1,,NSE,1,UNIVPHOTO
17700,LTGILTBEES-EQ,LTGILTBEES,,-1,1,,NSE,1,LTGILTBEES
17818,LTIM-EQ,LTIM,,-1,1,,NSE,50,LTIM
18060,CONCORDBIO-EQ,CONCORDBIO,,-1,1,,NSE,10,CONCORDBIO
1826,KAMATHOTEL-EQ,KAMATHOTEL,,-1,1,,NSE,1,KAMATHOTEL
18252,SPAL-EQ,SPAL,,-1,1,,NSE,5,SPAL
18284,HNGSNGBEES-EQ,HNGSNGBEES,,-1,1,,NSE,1,HNGSNGBEES
18341,VPRPL-EQ,VPRPL,,-1,1,,NSE,1,VPRPL
18347,NIFMID150-EQ,NIFMID150,,-1,1,,NSE,1,NIFMID150
18359,SANDUMA-EQ,SANDUMA,,-1,1,,NSE,5,SANDUMA
18679,HPL-EQ,HPL,,-1,1,,NSE,5,HPL
19020,JSWINFRA-EQ,JSWINFRA,,-1,1,,NSE,5,JSWINFRA
19111,NBIFIN-EQ,NBIFIN,,-1,1,,NSE,10,NBIFIN
19410,ROSSARI-EQ,ROSSARI,,-1,1,,NSE,5,ROSSARI
19543,HDFCGOLD-EQ,HDFCGOLD,,-1,1,,NSE,1,HDFCGOLD
19556,BHANDARI-EQ,BHANDARI,,-1,1,,NSE,1,BHANDARI
19631,PRICOLLTD-EQ,PRICOLLTD,,-1,1,,NSE,5,PRICOLLTD
20152,ASKAUTOLTD-EQ,ASKAUTOLTD,,-1,1,,NSE,5,ASKAUTOLTD
20159,ARIHANTSUP-EQ,ARIHANTSUP,,-1,1,,NSE,5,ARIHANTSUP
20203,URJA-EQ,URJA,,-1,1,,NSE,1,URJA
20527,PRUDMOULI-EQ,PRUDMOULI,,-1,1,,NSE,1,PRUDMOULI
20560,DOLLAR-EQ,DOLLAR,,-1,1,,NSE,5,DOLLAR
20778,JAMNAAUTO-EQ,JAMNAAUTO,,-1,1,,NSE,1,JAMNAAUTO
20825,HUDCO-EQ,HUDCO,,-1,1,,NSE,1,HUDCO
20831,MUTHOOTMF-EQ,MUTHOOTMF,,-1,1,,NSE,1,MUTHOOTMF
20936,KIRLOSENG-EQ,KIRLOSENG,,-1,1,,NSE,5,KIRLOSENG
21001,PSB-EQ,PSB,,-1,1,,NSE,1,PSB
21113,BFINVEST-EQ,BFINVEST,,-1,1,,NSE,5,BFINVEST
21154,ERIS-EQ,ERIS,,-1,1,,NSE,10,ERIS
2144,BDL-EQ,BDL,,-1,1,,NSE,10,BDL
21399,GANGESSECU-EQ,GANGESSECU,,-1,1,,NSE,1,GANGESSECU
21427,THEINVEST-EQ,THEINVEST,,-1,1,,NSE,1,THEINVEST
21623,APEX-EQ,APEX,,-1,1,,NSE,1,APEX
21749,CAPACITE-EQ,CAPACITE,,-1,1,,NSE,5,CAPACITE
21770,ICICIGI-EQ,ICICIGI,,-1,1,,NSE,10,ICICIGI
22277,WORTH-EQ,WORTH,,-1,1,,NSE,1,WORTH
22365,ITIETF-EQ,ITIETF,,-1,1,,NSE,1,ITIETF
17197,PAKKA-EQ,PAKKA,,-1,1,,NSE,1,PAKKA
17207,ITETFADD-EQ,ITETFADD,,-1,1,,NSE,1,ITETFADD
17271,SENCO-EQ,SENCO,,-1,1,,NSE,5,SENCO
17357,GKWLIMITED-EQ,GKWLIMITED,,-1,1,,NSE,10,GKWLIMITED
17397,PREMEXPLN-EQ,PREMEXPLN,,-1,1,,NSE,5,PREMEXPLN
17738,YATHARTH-EQ,YATHARTH,,-1,1,,NSE,5,YATHARTH
17859,REDTAPE-EQ,REDTAPE,,-1,1,,NSE,1,REDTAPE
17778,ATL-EQ,ATL,,-1,1,,NSE,1,ATL
18039,ADVENZYMES-EQ,ADVENZYMES,,-1,1,,NSE,5,ADVENZYMES
18102,NIFTY1-EQ,NIFTY1,,-1,1,,NSE,1,NIFTY1
18110,VASCONEQ-EQ,VASCONEQ,,-1,1,,NSE,1,VASCONEQ
18119,SRGHFL-EQ,SRGHFL,,-1,1,,NSE,5,SRGHFL
18151,TVSSCS-EQ,TVSSCS,,-1,1,,NSE,1,TVSSCS
1835,KANORICHEM-EQ,KANORICHEM,,-1,1,,NSE,1,KANORICHEM
18371,NDGL-EQ,NDGL,,-1,1,,NSE,10,NDGL
18423,RATNAVEER-EQ,RATNAVEER,,-1,1,,NSE,1,RATNAVEER
18457,POWERINDIA-EQ,POWERINDIA,,-1,1,,NSE,100,POWERINDIA
18553,JLHL-EQ,JLHL,,-1,1,,NSE,10,JLHL
18566,RRKABEL-EQ,RRKABEL,,-1,1,,NSE,10,RRKABEL
18571,GNA-EQ,GNA,,-1,1,,NSE,5,GNA
18614,SAMHI-EQ,SAMHI,,-1,1,,NSE,1,SAMHI
18659,MARATHON-EQ,MARATHON,,-1,1,,NSE,5,MARATHON
18721,NUVAMA-EQ,NUVAMA,,-1,1,,NSE,50,NUVAMA
1879,CARYSIL-EQ,CARYSIL,,-1,1,,NSE,5,CARYSIL
19196,TI-EQ,TI,,-1,1,,NSE,5,TI
19705,LIQUIDSBI-EQ,LIQUIDSBI,,-1,1,,NSE,1,LIQUIDSBI
1979,LMW-EQ,LMW,,-1,1,,NSE,100,LMW
19867,AMNPLST-EQ,AMNPLST,,-1,1,,NSE,1,AMNPLST
20178,AKSHARCHEM-EQ,AKSHARCHEM,,-1,1,,NSE,1,AKSHARCHEM
20532,AXISGOLD-EQ,AXISGOLD,,-1,1,,NSE,1,AXISGOLD
20551,DOMS-EQ,DOMS,,-1,1,,NSE,10,DOMS
20874,RBZJEWEL-EQ,RBZJEWEL,,-1,1,,NSE,1,RBZJEWEL
2088,MAHSEAMLES-EQ,MAHSEAMLES,,-1,1,,NSE,5,MAHSEAMLES
21091,STARCEMENT-EQ,STARCEMENT,,-1,1,,NSE,1,STARCEMENT
21174,CDSL-EQ,CDSL,,-1,1,,NSE,10,CDSL
21238,AUBANK-EQ,AUBANK,,-1,1,,NSE,5,AUBANK
21254,LOWVOLIETF-EQ,LOWVOLIETF,,-1,1,,NSE,1,LOWVOLIETF
21508,COCHINSHIP-EQ,COCHINSHIP,,-1,1,,NSE,10,COCHINSHIP
21578,COMSYN-EQ,COMSYN,,-1,1,,NSE,1,COMSYN
2183,SUNDARMHLD-EQ,SUNDARMHLD,,-1,1,,NSE,5,SUNDARMHLD
21986,BANKBETF-EQ,BANKBETF,,-1,1,,NSE,1,BANKBETF
220,IEX-EQ,IEX,,-1,1,,NSE,1,IEX
22433,HDFCNIFBAN-EQ,HDFCNIFBAN,,-1,1,,NSE,1,HDFCNIFBAN
2283,MRPL-EQ,MRPL,,-1,1,,NSE,1,MRPL
23056,JGCHEM-EQ,JGCHEM,,-1,1,,NSE,5,JGCHEM
23142,PVSL-EQ,PVSL,,-1,1,,NSE,1,PVSL
236,ASIANPAINT-EQ,ASIANPAINT,,-1,1,,NSE,10,ASIANPAINT
23804,BSLGOLDETF-EQ,BSLGOLDETF,,-1,1,,NSE,1,BSLGOLDETF
24025,KRONOX-EQ,KRONOX,,-1,1,,NSE,1,KRONOX
2431,RAILTEL-EQ,RAILTEL,,-1,1,,NSE,5,RAILTEL
24366,SBISILVER-EQ,SBISILVER,,-1,1,,NSE,1,SBISILVER
24398,EMCURE-EQ,EMCURE,,-1,1,,NSE,10,EMCURE
2463,MIDHANI-EQ,MIDHANI,,-1,1,,NSE,5,MIDHANI
24809,UNIECOM-EQ,UNIECOM,,-1,1,,NSE,1,UNIECOM
24814,FIRSTCRY-EQ,FIRSTCRY,,-1,1,,NSE,5,FIRSTCRY
1247,GSFC-EQ,GSFC,,-1,1,,NSE,1,GSFC
12578,FINIETF-EQ,FINIETF,,-1,1,,NSE,1,FINIETF
12847,KRISHANA-EQ,KRISHANA,,-1,1,,NSE,5,KRISHANA
13035,SAFARI-EQ,SAFARI,,-1,1,,NSE,10,SAFARI
13409,GPIL-EQ,GPIL,,-1,1,,NSE,1,GPIL
13643,ELECON-EQ,ELECON,,-1,1,,NSE,5,ELECON
13688,ACLGATI-EQ,ACLGATI,,-1,1,,NSE,1,ACLGATI
13750,FLUOROCHEM-EQ,FLUOROCHEM,,-1,1,,NSE,10,FLUOROCHEM
13751,NAUKRI-EQ,NAUKRI,,-1,1,,NSE,10,NAUKRI
13796,MANALIPETC-EQ,MANALIPETC,,-1,1,,NSE,1,MANALIPETC
13816,LTFOODS-EQ,LTFOODS,,-1,1,,NSE,5,LTFOODS
13821,RUCHIRA-EQ,RUCHIRA,,-1,1,,NSE,1,RUCHIRA
13844,MMFL-EQ,MMFL,,-1,1,,NSE,5,MMFL
13920,PLASTIBLEN-EQ,PLASTIBLEN,,-1,1,,NSE,1,PLASTIBLEN
13987,ABSLBANETF-EQ,ABSLBANETF,,-1,1,,NSE,1,ABSLBANETF
1403,HINDOILEXP-EQ,HINDOILEXP,,-1,1,,NSE,1,HINDOILEXP
14385,POCL-EQ,POCL,,-1,1,,NSE,5,POCL
14501,BALAMINES-EQ,BALAMINES,,-1,1,,NSE,10,BALAMINES
14511,BANSWRAS-EQ,BANSWRAS,,-1,1,,NSE,1,BANSWRAS
14602,WEBELSOLAR-EQ,WEBELSOLAR,,-1,1,,NSE,10,WEBELSOLAR
14745,ADVANIHOTR-EQ,ADVANIHOTR,,-1,1,,NSE,1,ADVANIHOTR
14753,031NSETEST-EQ,031NSETEST,,-1,1,,NSE,5,031NSETEST
14848,ALPA-EQ,ALPA,,-1,1,,NSE,1,ALPA
14937,CIEINDIA-EQ,CIEINDIA,,-1,1,,NSE,5,CIEINDIA
14972,KSCL-EQ,KSCL,,-1,1,,NSE,10,KSCL
15007,MANGCHEFER-EQ,MANGCHEFER,,-1,1,,NSE,5,MANGCHEFER
15034,BAJAJELEC-EQ,BAJAJELEC,,-1,1,,NSE,5,BAJAJELEC
15067,BLAL-EQ,BLAL,,-1,1,,NSE,1,BLAL
15278,ONMOBILE-EQ,ONMOBILE,,-1,1,,NSE,1,ONMOBILE
15308,SEPC-EQ,SEPC,,-1,1,,NSE,1,SEPC
15362,VGUARD-EQ,VGUARD,,-1,1,,NSE,5,VGUARD
15356,GOLDETFADD-EQ,GOLDETFADD,,-1,1,,NSE,1,GOLDETFADD
1581,TARC-EQ,TARC,,-1,1,,NSE,1,TARC
1593,MGEL-EQ,MGEL,,-1,1,,NSE,1,MGEL
16943,ASHOKAMET-EQ,ASHOKAMET,,-1,1,,NSE,1,ASHOKAMET
17029,PATANJALI-EQ,PATANJALI,,-1,1,,NSE,10,PATANJALI
17094,CROMPTON-EQ,CROMPTON,,-1,1,,NSE,5,CROMPTON
17388,ADANIPOWER-EQ,ADANIPOWER,,-1,1,,NSE,5,ADANIPOWER
17395,SETF10GILT-EQ,SETF10GILT,,-1,1,,NSE,1,SETF10GILT
22477,NOVAAGRI-EQ,NOVAAGRI,,-1,1,,NSE,1,NOVAAGRI
22488,NIFITETF-EQ,NIFITETF,,-1,1,,NSE,1,NIFITETF
2320,SMCGLOBAL-EQ,SMCGLOBAL,,-1,1,,NSE,1,SMCGLOBAL
23729,AADHARHFC-EQ,AADHARHFC,,-1,1,,NSE,5,AADHARHFC
2385,NAVNETEDUL-EQ,NAVNETEDUL,,-1,1,,NSE,1,NAVNETEDUL
23799,GODIGIT-EQ,GODIGIT,,-1,1,,NSE,5,GODIGIT
2388,NELCO-EQ,NELCO,,-1,1,,NSE,5,NELCO
24154,DEEDEV-EQ,DEEDEV,,-1,1,,NSE,5,DEEDEV
24321,VRAJ-EQ,VRAJ,,-1,1,,NSE,1,VRAJ
2435,CONSUMBEES-EQ,CONSUMBEES,,-1,1,,NSE,1,CONSUMBEES
24404,ABGSEC-EQ,ABGSEC,,-1,1,,NSE,1,ABGSEC
24445,AGIIL-EQ,AGIIL,,-1,1,,NSE,5,AGIIL
24870,INVENTURE-EQ,INVENTURE,,-1,1,,NSE,1,INVENTURE
17603,MAHEPC-EQ,MAHEPC,,-1,1,,NSE,1,MAHEPC
17625,MOLDTECH-EQ,MOLDTECH,,-1,1,,NSE,1,MOLDTECH
17641,SUNTECK-EQ,SUNTECK,,-1,1,,NSE,5,SUNTECK
17691,VIJIFIN-EQ,VIJIFIN,,-1,1,,NSE,1,VIJIFIN
17801,LLOYDSENGG-EQ,LLOYDSENGG,,-1,1,,NSE,1,LLOYDSENGG
17808,QUAL30IETF-EQ,QUAL30IETF,,-1,1,,NSE,1,QUAL30IETF
17933,BEARDSELL-EQ,BEARDSELL,,-1,1,,NSE,1,BEARDSELL
1808,KAJARIACER-EQ,KAJARIACER,,-1,1,,NSE,10,KAJARIACER
18118,THANGAMAYL-EQ,THANGAMAYL,,-1,1,,NSE,10,THANGAMAYL
1814,KPIL-EQ,KPIL,,-1,1,,NSE,10,KPIL
18154,HATHWAY-EQ,HATHWAY,,-1,1,,NSE,1,HATHWAY
18226,MANINFRA-EQ,MANINFRA,,-1,1,,NSE,1,MANINFRA
18755,KALAMANDIR-EQ,KALAMANDIR,,-1,1,,NSE,1,KALAMANDIR
19025,KIRLOSIND-EQ,KIRLOSIND,,-1,1,,NSE,10,KIRLOSIND
19223,TCIEXP-EQ,TCIEXP,,-1,1,,NSE,5,TCIEXP
19531,BAJAJCON-EQ,BAJAJCON,,-1,1,,NSE,1,BAJAJCON
19597,IRMENERGY-EQ,IRMENERGY,,-1,1,,NSE,5,IRMENERGY
19877,RADIOCITY-EQ,RADIOCITY,,-1,1,,NSE,1,RADIOCITY
19878,ESAFSFB-EQ,ESAFSFB,,-1,1,,NSE,1,ESAFSFB
2048,INDIGOPNTS-EQ,INDIGOPNTS,,-1,1,,NSE,10,INDIGOPNTS
2049,CHENNPETRO-EQ,CHENNPETRO,,-1,1,,NSE,5,CHENNPETRO
20556,INDIASHLTR-EQ,INDIASHLTR,,-1,1,,NSE,5,INDIASHLTR
20607,INOXINDIA-EQ,INOXINDIA,,-1,1,,NSE,10,INOXINDIA
212,ASHOKLEY-EQ,ASHOKLEY,,-1,1,,NSE,1,ASHOKLEY
21252,AXISNIFTY-EQ,AXISNIFTY,,-1,1,,NSE,1,AXISNIFTY
21392,MAGADSUGAR-EQ,MAGADSUGAR,,-1,1,,NSE,5,MAGADSUGAR
21401,TATAGOLD-EQ,TATAGOLD,,-1,1,,NSE,1,TATAGOLD
21423,MOM100-EQ,MOM100,,-1,1,,NSE,1,MOM100
21726,MATRIMONY-EQ,MATRIMONY,,-1,1,,NSE,5,MATRIMONY
21808,SBILIFE-EQ,SBILIFE,,-1,1,,NSE,10,SBILIFE
21957,INDTERRAIN-EQ,INDTERRAIN,,-1,1,,NSE,1,INDTERRAIN
2268,MOTOGENFIN-EQ,MOTOGENFIN,,-1,1,,NSE,1,MOTOGENFIN
22722,LICNMID100-EQ,LICNMID100,,-1,1,,NSE,1,LICNMID100
22832,SMALLCAP-EQ,SMALLCAP,,-1,1,,NSE,1,SMALLCAP
22930,PLATIND-EQ,PLATIND,,-1,1,,NSE,5,PLATIND
23621,JNKINDIA-EQ,JNKINDIA,,-1,1,,NSE,5,JNKINDIA
23806,ABSLPSE-EQ,ABSLPSE,,-1,1,,NSE,1,ABSLPSE
2412,PEL-EQ,PEL,,-1,1,,NSE,10,PEL
24308,ABDL-EQ,ABDL,,-1,1,,NSE,5,ABDL
24595,RUSHIL-EQ,RUSHIL,,-1,1,,NSE,1,RUSHIL
2475,ONGC-EQ,ONGC,,-1,1,,NSE,1,ONGC
12384,ZIMLAB-EQ,ZIMLAB,,-1,1,,NSE,1,ZIMLAB
12489,SWSOLAR-EQ,SWSOLAR,,-1,1,,NSE,5,SWSOLAR
1289,GFLLIMITED-EQ,GFLLIMITED,,-1,1,,NSE,1,GFLLIMITED
13072,IIFLCAPS-EQ,IIFLCAPS,,-1,1,,NSE,5,IIFLCAPS
1338,SDBL-EQ,SDBL,,-1,1,,NSE,1,SDBL
13260,KEC-EQ,KEC,,-1,1,,NSE,5,KEC
13310,KEI-EQ,KEI,,-1,1,,NSE,10,KEI
13491,JKLAKSHMI-EQ,JKLAKSHMI,,-1,1,,NSE,5,JKLAKSHMI
13528,GMRAIRPORT-EQ,GMRAIRPORT,,-1,1,,NSE,1,GMRAIRPORT
13560,GRINDWELL-EQ,GRINDWELL,,-1,1,,NSE,10,GRINDWELL
1363,HINDALCO-EQ,HINDALCO,,-1,1,,NSE,5,HINDALCO
13656,ALICON-EQ,ALICON,,-1,1,,NSE,5,ALICON
13735,GLOBALVECT-EQ,GLOBALVECT,,-1,1,,NSE,1,GLOBALVECT
13982,JASH-EQ,JASH,,-1,1,,NSE,5,JASH
14058,SANGHVIMOV-EQ,SANGHVIMOV,,-1,1,,NSE,5,SANGHVIMOV
14096,SIYSIL-EQ,SIYSIL,,-1,1,,NSE,5,SIYSIL
1424,HINDZINC-EQ,HINDZINC,,-1,1,,NSE,5,HINDZINC
14299,PFC-EQ,PFC,,-1,1,,NSE,5,PFC
14366,IDEA-EQ,IDEA,,-1,1,,NSE,1,IDEA
14413,PAGEIND-EQ,PAGEIND,,-1,1,,NSE,500,PAGEIND
14435,JKTYRE-EQ,JKTYRE,,-1,1,,NSE,5,JKTYRE
14490,NCLIND-EQ,NCLIND,,-1,1,,NSE,1,NCLIND
14592,FORTIS-EQ,FORTIS,,-1,1,,NSE,5,FORTIS
1476,IDBI-EQ,IDBI,,-1,1,,NSE,1,IDBI
14751,021NSETEST-EQ,021NSETEST,,-1,1,,NSE,5,021NSETEST
14762,061NSETEST-EQ,061NSETEST,,-1,1,,NSE,5,061NSETEST
14766,V2RETAIL-EQ,V2RETAIL,,-1,1,,NSE,10,V2RETAIL
14771,TARMAT-EQ,TARMAT,,-1,1,,NSE,1,TARMAT
14774,111NSETEST-EQ,111NSETEST,,-1,1,,NSE,5,111NSETEST
14786,LOWVOL-EQ,LOWVOL,,-1,1,,NSE,1,LOWVOL
1485,IFBIND-EQ,IFBIND,,-1,1,,NSE,10,IFBIND
14853,OMAXE-EQ,OMAXE,,-1,1,,NSE,1,OMAXE
14894,CENTRALBK-EQ,CENTRALBK,,-1,1,,NSE,1,CENTRALBK
14922,PURVA-EQ,PURVA,,-1,1,,NSE,5,PURVA
14942,NAGREEKCAP-EQ,NAGREEKCAP,,-1,1,,NSE,1,NAGREEKCAP
14992,CCCL-EQ,CCCL,,-1,1,,NSE,1,CCCL
15124,KOLTEPATIL-EQ,KOLTEPATIL,,-1,1,,NSE,5,KOLTEPATIL
15161,HITECHCORP-EQ,HITECHCORP,,-1,1,,NSE,1,HITECHCORP
15234,AMBIKCO-EQ,AMBIKCO,,-1,1,,NSE,10,AMBIKCO
15266,JKIL-EQ,JKIL,,-1,1,,NSE,5,JKIL
15330,QGOLDHALF-EQ,QGOLDHALF,,-1,1,,NSE,1,QGOLDHALF
15404,ATAM-EQ,ATAM,,-1,1,,NSE,1,ATAM
15377,PDMJEPAPER-EQ,PDMJEPAPER,,-1,1,,NSE,1,PDMJEPAPER
15409,NESCO-EQ,NESCO,,-1,1,,NSE,5,NESCO
15883,HINDWAREAP-EQ,HINDWAREAP,,-1,1,,NSE,5,HINDWAREAP
1630,IONEXCHANG-EQ,IONEXCHANG,,-1,1,,NSE,5,IONEXCHANG
16657,ANIKINDS-EQ,ANIKINDS,,-1,1,,NSE,1,ANIKINDS
16719,ALMONDZ-EQ,ALMONDZ,,-1,1,,NSE,1,ALMONDZ
16795,ARCHIDPLY-EQ,ARCHIDPLY,,-1,1,,NSE,1,ARCHIDPLY
16807,LOTUSEYE-EQ,LOTUSEYE,,-1,1,,NSE,1,LOTUSEYE
16913,ARTEMISMED-EQ,ARTEMISMED,,-1,1,,NSE,5,ARTEMISMED
17152,MIDCAPIETF-EQ,MIDCAPIETF,,-1,1,,NSE,1,MIDCAPIETF
17256,ALBERTDAVD-EQ,ALBERTDAVD,,-1,1,,NSE,5,ALBERTDAVD
17433,NETWEB-EQ,NETWEB,,-1,1,,NSE,10,NETWEB
17475,NV20IETF-EQ,NV20IETF,,-1,1,,NSE,1,NV20IETF
17541,DAMODARIND-EQ,DAMODARIND,,-1,1,,NSE,1,DAMODARIND
17572,LIQUID-EQ,LIQUID,,-1,1,,NSE,1,LIQUID
17758,SARDAEN-EQ,SARDAEN,,-1,1,,NSE,5,SARDAEN
17881,DBCORP-EQ,DBCORP,,-1,1,,NSE,5,DBCORP
1797,AWHCL-EQ,AWHCL,,-1,1,,NSE,5,AWHCL
17922,GEEKAYWIRE-EQ,GEEKAYWIRE,,-1,1,,NSE,1,GEEKAYWIRE
17939,HINDCOPPER-EQ,HINDCOPPER,,-1,1,,NSE,1,HINDCOPPER
17999,UNITEDTEA-EQ,UNITEDTEA,,-1,1,,NSE,5,UNITEDTEA
18143,JIOFIN-EQ,JIOFIN,,-1,1,,NSE,5,JIOFIN
1841,KCP-EQ,KCP,,-1,1,,NSE,1,KCP
18479,ISFT-EQ,ISFT,,-1,1,,NSE,1,ISFT
18608,ZAGGLE-EQ,ZAGGLE,,-1,1,,NSE,5,ZAGGLE
18822,ENDURANCE-EQ,ENDURANCE,,-1,1,,NSE,10,ENDURANCE
18921,VBL-EQ,VBL,,-1,1,,NSE,5,VBL
19113,UDS-EQ,UDS,,-1,1,,NSE,5,UDS
19126,KIOCL-EQ,KIOCL,,-1,1,,NSE,5,KIOCL
19142,UMESLTD-EQ,UMESLTD,,-1,1,,NSE,1,UMESLTD
1919,KOPRAN-EQ,KOPRAN,,-1,1,,NSE,1,KOPRAN
19211,HMVL-EQ,HMVL,,-1,1,,NSE,1,HMVL
19234,LAURUSLABS-EQ,LAURUSLABS,,-1,1,,NSE,5,LAURUSLABS
19322,HISARMETAL-EQ,HISARMETAL,,-1,1,,NSE,1,HISARMETAL
19585,BSE-EQ,BSE,,-1,1,,NSE,10,BSE
1964,TRENT-EQ,TRENT,,-1,1,,NSE,50,TRENT
199,MASFIN-EQ,MASFIN,,-1,1,,NSE,5,MASFIN
19813,HONASA-EQ,HONASA,,-1,1,,NSE,5,HONASA
19913,DMART-EQ,DMART,,-1,1,,NSE,10,DMART
20086,CPCAP-EQ,CPCAP,,-1,1,,NSE,1,CPCAP
20223,CLEDUCATE-EQ,CLEDUCATE,,-1,1,,NSE,1,CLEDUCATE
20257,ESILVER-EQ,ESILVER,,-1,1,,NSE,1,ESILVER
20788,MOTISONS-EQ,MOTISONS,,-1,1,,NSE,1,MOTISONS
20822,SURAJEST-EQ,SURAJEST,,-1,1,,NSE,5,SURAJEST
21062,INNOVACAP-EQ,INNOVACAP,,-1,1,,NSE,5,INNOVACAP
2142,MFSL-EQ,MFSL,,-1,1,,NSE,10,MFSL
21362,SALASAR-EQ,SALASAR,,-1,1,,NSE,1,SALASAR
21383,PALASHSECU-EQ,PALASHSECU,,-1,1,,NSE,1,PALASHSECU
21406,AVADHSUGAR-EQ,AVADHSUGAR,,-1,1,,NSE,5,AVADHSUGAR
2181,BOSCHLTD-EQ,BOSCHLTD,,-1,1,,NSE,500,BOSCHLTD
21705,MEDIASSIST-EQ,MEDIASSIST,,-1,1,,NSE,5,MEDIASSIST
21750,LIQUIDCASE-EQ,LIQUIDCASE,,-1,1,,NSE,1,LIQUIDCASE
22233,DHUNINV-EQ,DHUNINV,,-1,1,,NSE,10,DHUNINV
22239,EBBETF0431-EQ,EBBETF0431,,-1,1,,NSE,1,EBBETF0431
22415,LOVABLE-EQ,LOVABLE,,-1,1,,NSE,1,LOVABLE
22521,NIF5GETF-EQ,NIF5GETF,,-1,1,,NSE,1,NIF5GETF
22663,JSFB-EQ,JSFB,,-1,1,,NSE,5,JSFB
22730,VSTL-EQ,VSTL,,-1,1,,NSE,1,VSTL
2306,BESTAGRO-EQ,BESTAGRO,,-1,1,,NSE,5,BESTAGRO
23590,GLOSTERLTD-EQ,GLOSTERLTD,,-1,1,,NSE,5,GLOSTERLTD
2397,SANDHAR-EQ,SANDHAR,,-1,1,,NSE,5,SANDHAR
23915,LIQUIDBETF-EQ,LIQUIDBETF,,-1,1,,NSE,1,LIQUIDBETF
24374,LIQUIDSHRI-EQ,LIQUIDSHRI,,-1,1,,NSE,1,LIQUIDSHRI
24403,ASHIANA-EQ,ASHIANA,,-1,1,,NSE,5,ASHIANA
24532,FILATEX-EQ,FILATEX,,-1,1,,NSE,1,FILATEX
24730,RUBFILA-EQ,RUBFILA,,-1,1,,NSE,1,RUBFILA
2481,ONWARDTEC-EQ,ONWARDTEC,,-1,1,,NSE,5,ONWARDTEC
24847,GSEC10ABSL-EQ,GSEC10ABSL,,-1,1,,NSE,1,GSEC10ABSL
24944,MODEFENCE-EQ,MODEFENCE,,-1,1,,NSE,1,MODEFENCE
24969,WINDMACHIN-EQ,WINDMACHIN,,-1,1,,NSE,5,WINDMACHIN
25162,EUREKAFORB-EQ,EUREKAFORB,,-1,1,,NSE,5,EUREKAFORB
25328,APLLTD-EQ,APLLTD,,-1,1,,NSE,10,APLLTD
25398,ARKADE-EQ,ARKADE,,-1,1,,NSE,1,ARKADE
25403,WCIL-EQ,WCIL,,-1,1,,NSE,1,WCIL
25737,SRD-EQ,SRD,,-1,1,,NSE,1,SRD
2606,LEMONTREE-EQ,LEMONTREE,,-1,1,,NSE,1,LEMONTREE
27061,ACMESOLAR-EQ,ACMESOLAR,,-1,1,,NSE,5,ACMESOLAR
2816,RALLIS-EQ,RALLIS,,-1,1,,NSE,5,RALLIS
27754,INNOVANA-EQ,INNOVANA,,-1,1,,NSE,5,INNOVANA
28969,CONSUMER-EQ,CONSUMER,,-1,1,,NSE,1,CONSUMER
29124,PCJEWELLER-EQ,PCJEWELLER,,-1,1,,NSE,1,PCJEWELLER
29135,INDUSTOWER-EQ,INDUSTOWER,,-1,1,,NSE,5,INDUSTOWER
29224,ONESOURCE-EQ,ONESOURCE,,-1,1,,NSE,10,ONESOURCE
29577,NIF100BEES-EQ,NIF100BEES,,-1,1,,NSE,1,NIF100BEES
29583,NATCAPSUQ-EQ,NATCAPSUQ,,-1,1,,NSE,1,NATCAPSUQ
2963,SAIL-EQ,SAIL,,-1,1,,NSE,1,SAIL
29687,UNIONGOLD-EQ,UNIONGOLD,,-1,1,,NSE,5,UNIONGOLD
29758,MSCIINDIA-EQ,MSCIINDIA,,-1,1,,NSE,1,MSCIINDIA
30105,GOLD360-EQ,GOLD360,,-1,1,,NSE,5,GOLD360
30290,SBIBPB-EQ,SBIBPB,,-1,1,,NSE,1,SBIBPB
3162,SIMPLEXINF-EQ,SIMPLEXINF,,-1,1,,NSE,5,SIMPLEXINF
3172,GILT5YBEES-EQ,GILT5YBEES,,-1,1,,NSE,1,GILT5YBEES
3348,SUNFLAG-EQ,SUNFLAG,,-1,1,,NSE,5,SUNFLAG
3351,SUNPHARMA-EQ,SUNPHARMA,,-1,1,,NSE,10,SUNPHARMA
338,BALMLAWRIE-EQ,BALMLAWRIE,,-1,1,,NSE,1,BALMLAWRIE
341,BALRAMCHIN-EQ,BALRAMCHIN,,-1,1,,NSE,5,BALRAMCHIN
3518,TORNTPHARM-EQ,TORNTPHARM,,-1,1,,NSE,10,TORNTPHARM
3530,AXISBPSETF-EQ,AXISBPSETF,,-1,1,,NSE,1,AXISBPSETF
3546,TTKPRESTIG-EQ,TTKPRESTIG,,-1,1,,NSE,5,TTKPRESTIG
357,NAM-INDIA-EQ,NAM-INDIA,,-1,1,,NSE,5,NAM-INDIA
3626,HEALTHIETF-EQ,HEALTHIETF,,-1,1,,NSE,1,HEALTHIETF
3637,JUBLPHARMA-EQ,JUBLPHARMA,,-1,1,,NSE,10,JUBLPHARMA
3646,VARDMNPOLY-EQ,VARDMNPOLY,,-1,1,,NSE,1,VARDMNPOLY
3721,TATACOMM-EQ,TATACOMM,,-1,1,,NSE,10,TATACOMM
383,BEL-EQ,BEL,,-1,1,,NSE,5,BEL
399,NIACL-EQ,NIACL,,-1,1,,NSE,1,NIACL
3906,CAPLIPOINT-EQ,CAPLIPOINT,,-1,1,,NSE,10,CAPLIPOINT
3918,NATCOPHARM-EQ,NATCOPHARM,,-1,1,,NSE,5,NATCOPHARM
4067,MARICO-EQ,MARICO,,-1,1,,NSE,5,MARICO
4105,SILINV-EQ,SILINV,,-1,1,,NSE,5,SILINV
4179,SUNDRMBRAK-EQ,SUNDRMBRAK,,-1,1,,NSE,5,SUNDRMBRAK
4344,PUNJABCHEM-EQ,PUNJABCHEM,,-1,1,,NSE,10,PUNJABCHEM
422,BHARATFORG-EQ,BHARATFORG,,-1,1,,NSE,10,BHARATFORG
426,BHARATGEAR-EQ,BHARATGEAR,,-1,1,,NSE,1,BHARATGEAR
4469,ELECTHERM-EQ,ELECTHERM,,-1,1,,NSE,10,ELECTHERM
4529,NEXT50IETF-EQ,NEXT50IETF,,-1,1,,NSE,1,NEXT50IETF
4684,SONACOMS-EQ,SONACOMS,,-1,1,,NSE,5,SONACOMS
480,BIRLACORPN-EQ,BIRLACORPN,,-1,1,,NSE,10,BIRLACORPN
4870,INDSWFTLAB-EQ,INDSWFTLAB,,-1,1,,NSE,1,INDSWFTLAB
4911,MADRASFERT-EQ,MADRASFERT,,-1,1,,NSE,1,MADRASFERT
4973,PHARMABEES-EQ,PHARMABEES,,-1,1,,NSE,1,PHARMABEES
5068,SHEMAROO-EQ,SHEMAROO,,-1,1,,NSE,1,SHEMAROO
5401,NGIL-EQ,NGIL,,-1,1,,NSE,1,NGIL
5426,NUVOCO-EQ,NUVOCO,,-1,1,,NSE,5,NUVOCO
5435,APTUS-EQ,APTUS,,-1,1,,NSE,5,APTUS
5449,CHEMPLASTS-EQ,CHEMPLASTS,,-1,1,,NSE,5,CHEMPLASTS
5614,GANESHBE-EQ,GANESHBE,,-1,1,,NSE,1,GANESHBE
592,GRAPHITE-EQ,GRAPHITE,,-1,1,,NSE,5,GRAPHITE
5948,SOUTHBANK-EQ,SOUTHBANK,,-1,1,,NSE,1,SOUTHBANK
6232,3IINFOLTD-EQ,3IINFOLTD,,-1,1,,NSE,1,3IINFOLTD
628,CESC-EQ,CESC,,-1,1,,NSE,1,CESC
6364,NATIONALUM-EQ,NATIONALUM,,-1,1,,NSE,1,NATIONALUM
685,CHOLAFIN-EQ,CHOLAFIN,,-1,1,,NSE,10,CHOLAFIN
6863,BAJAJHCARE-EQ,BAJAJHCARE,,-1,1,,NSE,5,BAJAJHCARE
6951,LINC-EQ,LINC,,-1,1,,NSE,1,LINC
7254,MEDPLUS-EQ,MEDPLUS,,-1,1,,NSE,5,MEDPLUS
7420,MANAKALUCO-EQ,MANAKALUCO,,-1,1,,NSE,1,MANAKALUCO
7506,WOCKPHARMA-EQ,WOCKPHARMA,,-1,1,,NSE,10,WOCKPHARMA
756020,TINNARUBR-EQ,TINNARUBR,,-1,1,,NSE,5,TINNARUBR
757336,AEGISVOPAK-EQ,AEGISVOPAK,,-1,1,,NSE,1,AEGISVOPAK
757443,MOTOUR-EQ,MOTOUR,,-1,1,,NSE,1,MOTOUR
757645,ATHERENERG-EQ,ATHERENERG,,-1,1,,NSE,5,ATHERENERG
7679,MONARCH-EQ,MONARCH,,-1,1,,NSE,5,MONARCH
7838,NETF-EQ,NETF,,-1,1,,NSE,1,NETF
7848,BIL-EQ,BIL,,-1,1,,NSE,5,BIL
7886,MHLXMIRU-EQ,MHLXMIRU,,-1,1,,NSE,1,MHLXMIRU
804,SHIVATEX-EQ,SHIVATEX,,-1,1,,NSE,1,SHIVATEX
809,BSHSL-EQ,BSHSL,,-1,1,,NSE,1,BSHSL
8083,CROWN-EQ,CROWN,,-1,1,,NSE,1,CROWN
8163,SPENCERS-EQ,SPENCERS,,-1,1,,NSE,1,SPENCERS
817,DCW-EQ,DCW,,-1,1,,NSE,1,DCW
822,BANKA-EQ,BANKA,,-1,1,,NSE,1,BANKA
827,DEEPAKFERT-EQ,DEEPAKFERT,,-1,1,,NSE,10,DEEPAKFERT
8342,GSEC5IETF-EQ,GSEC5IETF,,-1,1,,NSE,1,GSEC5IETF
8469,MITCON-EQ,MITCON,,-1,1,,NSE,1,MITCON
8585,NLCINDIA-EQ,NLCINDIA,,-1,1,,NSE,1,NLCINDIA
8596,MSUMI-EQ,MSUMI,,-1,1,,NSE,1,MSUMI
8652,VETO-EQ,VETO,,-1,1,,NSE,1,VETO
8882,TNIDETF-EQ,TNIDETF,,-1,1,,NSE,1,TNIDETF
9305,STARTECK-EQ,STARTECK,,-1,1,,NSE,5,STARTECK
9480,LICI-EQ,LICI,,-1,1,,NSE,5,LICI
9617,SPLPETRO-EQ,SPLPETRO,,-1,1,,NSE,5,SPLPETRO
9667,MEDICO-EQ,MEDICO,,-1,1,,NSE,1,MEDICO
9683,KPITTECH-EQ,KPITTECH,,-1,1,,NSE,10,KPITTECH
9902,AXITA-EQ,AXITA,,-1,1,,NSE,1,AXITA
9917,NEOGEN-EQ,NEOGEN,,-1,1,,NSE,10,NEOGEN
24948,LTF-EQ,LTF,,-1,1,,NSE,1,LTF
25049,PREMIERENE-EQ,PREMIERENE,,-1,1,,NSE,10,PREMIERENE
25060,ECOSMOBLTY-EQ,ECOSMOBLTY,,-1,1,,NSE,5,ECOSMOBLTY
25222,SANOFICONR-EQ,SANOFICONR,,-1,1,,NSE,50,SANOFICONR
25235,XTGLOBAL-EQ,XTGLOBAL,,-1,1,,NSE,1,XTGLOBAL
25252,KROSS-EQ,KROSS,,-1,1,,NSE,1,KROSS
25312,PNGJL-EQ,PNGJL,,-1,1,,NSE,5,PNGJL
25426,NORTHARC-EQ,NORTHARC,,-1,1,,NSE,1,NORTHARC
25574,SHAKTIPUMP-EQ,SHAKTIPUMP,,-1,1,,NSE,5,SHAKTIPUMP
25725,BANKPSU-EQ,BANKPSU,,-1,1,,NSE,1,BANKPSU
25758,GROWWDEFNC-EQ,GROWWDEFNC,,-1,1,,NSE,1,GROWWDEFNC
25844,HYUNDAI-EQ,HYUNDAI,,-1,1,,NSE,10,HYUNDAI
25851,VAL30IETF-EQ,VAL30IETF,,-1,1,,NSE,1,VAL30IETF
25855,AFFORDABLE-EQ,AFFORDABLE,,-1,1,,NSE,5,AFFORDABLE
2636,DIVOPPBEES-EQ,DIVOPPBEES,,-1,1,,NSE,1,DIVOPPBEES
2687,POLYPLEX-EQ,POLYPLEX,,-1,1,,NSE,10,POLYPLEX
27067,VSSL-EQ,VSSL,,-1,1,,NSE,5,VSSL
27084,KMEW-EQ,KMEW,,-1,1,,NSE,10,KMEW
27052,SAGILITY-EQ,SAGILITY,,-1,1,,NSE,1,SAGILITY
2709,MTARTECH-EQ,MTARTECH,,-1,1,,NSE,10,MTARTECH
27161,CINELINE-EQ,CINELINE,,-1,1,,NSE,1,CINELINE
27176,NTPCGREEN-EQ,NTPCGREEN,,-1,1,,NSE,1,NTPCGREEN
277,GICRE-EQ,GICRE,,-1,1,,NSE,5,GICRE
2739,PRSMJOHNSN-EQ,PRSMJOHNSN,,-1,1,,NSE,1,PRSMJOHNSN
28125,IKS-EQ,IKS,,-1,1,,NSE,10,IKS
28314,ANUHPHR-EQ,ANUHPHR,,-1,1,,NSE,1,ANUHPHR
2844,RANEHOLDIN-EQ,RANEHOLDIN,,-1,1,,NSE,10,RANEHOLDIN
28805,SANATHAN-EQ,SANATHAN,,-1,1,,NSE,5,SANATHAN
28847,VENTIVE-EQ,VENTIVE,,-1,1,,NSE,5,VENTIVE
2885,RELIANCE-EQ,RELIANCE,,-1,1,,NSE,10,RELIANCE
28899,KITEX-EQ,KITEX,,-1,1,,NSE,5,KITEX
29008,TVSHLTD-EQ,TVSHLTD,,-1,1,,NSE,100,TVSHLTD
2909,RICOAUTO-EQ,RICOAUTO,,-1,1,,NSE,1,RICOAUTO
29113,CARERATING-EQ,CARERATING,,-1,1,,NSE,10,CARERATING
29171,LAXMIDENTL-EQ,LAXMIDENTL,,-1,1,,NSE,5,LAXMIDENTL
2939,RUBYMILLS-EQ,RUBYMILLS,,-1,1,,NSE,1,RUBYMILLS
29678,BAJAJINDEF-EQ,BAJAJINDEF,,-1,1,,NSE,1,BAJAJINDEF
29944,NIFTY100EW-EQ,NIFTY100EW,,-1,1,,NSE,1,NIFTY100EW
3048,SCI-EQ,SCI,,-1,1,,NSE,1,SCI
3099,SHREDIGCEM-EQ,SHREDIGCEM,,-1,1,,NSE,1,SHREDIGCEM
31415,NBCC-EQ,NBCC,,-1,1,,NSE,1,NBCC
3247,NITIRAJ-EQ,NITIRAJ,,-1,1,,NSE,1,NITIRAJ
31837,SREEL-EQ,SREEL,,-1,1,,NSE,1,SREEL
3252,SPIC-EQ,SPIC,,-1,1,,NSE,1,SPIC
3482,CLSEL-EQ,CLSEL,,-1,1,,NSE,5,CLSEL
3506,TITAN-EQ,TITAN,,-1,1,,NSE,10,TITAN
3509,TNPETRO-EQ,TNPETRO,,-1,1,,NSE,1,TNPETRO
3834,BHARATRAS-EQ,BHARATRAS,,-1,1,,NSE,50,BHARATRAS
4,21STCENMGM-EQ,21STCENMGM,,-1,1,,NSE,1,21STCENMGM
3892,HATSUN-EQ,HATSUN,,-1,1,,NSE,5,HATSUN
4014,NAVA-EQ,NAVA,,-1,1,,NSE,5,NAVA
4201,SOMATEX-EQ,SOMATEX,,-1,1,,NSE,1,SOMATEX
4378,SENSEXIETF-EQ,SENSEXIETF,,-1,1,,NSE,1,SENSEXIETF
489,ICEMAKE-EQ,ICEMAKE,,-1,1,,NSE,5,ICEMAKE
5220,BFSI-EQ,BFSI,,-1,1,,NSE,1,BFSI
526,BPCL-EQ,BPCL,,-1,1,,NSE,5,BPCL
527,UTIAMC-EQ,UTIAMC,,-1,1,,NSE,10,UTIAMC
5313,UGROCAP-EQ,UGROCAP,,-1,1,,NSE,1,UGROCAP
5578,ACUTAAS-EQ,ACUTAAS,,-1,1,,NSE,10,ACUTAAS
578,LIKHITHA-EQ,LIKHITHA,,-1,1,,NSE,5,LIKHITHA
6218,SIKKO-EQ,SIKKO,,-1,1,,NSE,1,SIKKO
637,CHAMBLFERT-EQ,CHAMBLFERT,,-1,1,,NSE,5,CHAMBLFERT
6353,NIFTYETF-EQ,NIFTYETF,,-1,1,,NSE,1,NIFTYETF
6445,TECHNOE-EQ,TECHNOE,,-1,1,,NSE,10,TECHNOE
6446,CONSUMIETF-EQ,CONSUMIETF,,-1,1,,NSE,1,CONSUMIETF
6656,POLICYBZR-EQ,POLICYBZR,,-1,1,,NSE,10,POLICYBZR
694,CIPLA-EQ,CIPLA,,-1,1,,NSE,10,CIPLA
6908,VISHNU-EQ,VISHNU,,-1,1,,NSE,5,VISHNU
6944,GANECOS-EQ,GANECOS,,-1,1,,NSE,10,GANECOS
7,AARTIIND-EQ,AARTIIND,,-1,1,,NSE,5,AARTIIND
7083,STARHEALTH-EQ,STARHEALTH,,-1,1,,NSE,5,STARHEALTH
7145,ANANDRATHI-EQ,ANANDRATHI,,-1,1,,NSE,10,ANANDRATHI
722,SBIETFPB-EQ,SBIETFPB,,-1,1,,NSE,1,SBIETFPB
7401,RAJESHEXPO-EQ,RAJESHEXPO,,-1,1,,NSE,1,RAJESHEXPO
781,DALMIASUG-EQ,DALMIASUG,,-1,1,,NSE,5,DALMIASUG
7835,WEL-EQ,WEL,,-1,1,,NSE,1,WEL
805,DCM-EQ,DCM,,-1,1,,NSE,1,DCM
8075,DALBHARAT-EQ,DALBHARAT,,-1,1,,NSE,10,DALBHARAT
8132,BLBLIMITED-EQ,BLBLIMITED,,-1,1,,NSE,1,BLBLIMITED
8546,CHALET-EQ,CHALET,,-1,1,,NSE,5,CHALET
8632,LOWVOL1-EQ,LOWVOL1,,-1,1,,NSE,1,LOWVOL1
8736,PNBGILTS-EQ,PNBGILTS,,-1,1,,NSE,1,PNBGILTS
8797,OBCL-EQ,OBCL,,-1,1,,NSE,1,OBCL
8806,SONAMLTD-EQ,SONAMLTD,,-1,1,,NSE,1,SONAMLTD
8828,GAEL-EQ,GAEL,,-1,1,,NSE,1,GAEL
8998,UMIYA-MRO-EQ,UMIYA-MRO,,-1,1,,NSE,1,UMIYA-MRO
9408,RAINBOW-EQ,RAINBOW,,-1,1,,NSE,10,RAINBOW
9428,SKIPPER-EQ,SKIPPER,,-1,1,,NSE,5,SKIPPER
9668,HIKAL-EQ,HIKAL,,-1,1,,NSE,5,HIKAL
9862,WEWIN-EQ,WEWIN,,-1,1,,NSE,1,WEWIN
24966,SURAJLTD-EQ,SURAJLTD,,-1,1,,NSE,5,SURAJLTD
2514,OSWALAGRO-EQ,OSWALAGRO,,-1,1,,NSE,1,OSWALAGRO
2535,PGHH-EQ,PGHH,,-1,1,,NSE,100,PGHH
25392,PANAMAPET-EQ,PANAMAPET,,-1,1,,NSE,5,PANAMAPET
255,NIRAJ-EQ,NIRAJ,,-1,1,,NSE,1,NIRAJ
2562,HUHTAMAKI-EQ,HUHTAMAKI,,-1,1,,NSE,1,HUHTAMAKI
25606,MOMENTUM50-EQ,MOMENTUM50,,-1,1,,NSE,1,MOMENTUM50
25744,METAL-EQ,METAL,,-1,1,,NSE,1,METAL
25807,LLOYDSENT-EQ,LLOYDSENT,,-1,1,,NSE,1,LLOYDSENT
2595,3PLAND-EQ,3PLAND,,-1,1,,NSE,1,3PLAND
25835,VINCOFE-EQ,VINCOFE,,-1,1,,NSE,1,VINCOFE
2616,SEAMECLTD-EQ,SEAMECLTD,,-1,1,,NSE,5,SEAMECLTD
2614,HERANBA-EQ,HERANBA,,-1,1,,NSE,5,HERANBA
27079,KPEL-EQ,KPEL,,-1,1,,NSE,5,KPEL
27107,SPECIALITY-EQ,SPECIALITY,,-1,1,,NSE,1,SPECIALITY
27171,RACLGEAR-EQ,RACLGEAR,,-1,1,,NSE,5,RACLGEAR
27297,RTNINDIA-EQ,RTNINDIA,,-1,1,,NSE,1,RTNINDIA
27334,SURAKSHA-EQ,SURAKSHA,,-1,1,,NSE,5,SURAKSHA
2868,HITECH-EQ,HITECH,,-1,1,,NSE,1,HITECH
28714,TRANSRAILL-EQ,TRANSRAILL,,-1,1,,NSE,5,TRANSRAILL
28952,DUCON-EQ,DUCON,,-1,1,,NSE,1,DUCON
29482,MCLOUD-EQ,MCLOUD,,-1,1,,NSE,1,MCLOUD
29553,NIFTYIETF-EQ,NIFTYIETF,,-1,1,,NSE,1,NIFTYIETF
2969,SAKHTISUG-EQ,SAKHTISUG,,-1,1,,NSE,1,SAKHTISUG
29624,AJAXENGG-EQ,AJAXENGG,,-1,1,,NSE,5,AJAXENGG
2972,ORIENTELEC-EQ,ORIENTELEC,,-1,1,,NSE,1,ORIENTELEC
30323,ESSENTIA-EQ,ESSENTIA,,-1,1,,NSE,1,ESSENTIA
30392,NIF100IETF-EQ,NIF100IETF,,-1,1,,NSE,1,NIF100IETF
3063,VEDL-EQ,VEDL,,-1,1,,NSE,5,VEDL
3237,JTEKTINDIA-EQ,JTEKTINDIA,,-1,1,,NSE,1,JTEKTINDIA
3316,MODISONLTD-EQ,MODISONLTD,,-1,1,,NSE,1,MODISONLTD
3339,SUNDARMFIN-EQ,SUNDARMFIN,,-1,1,,NSE,50,SUNDARMFIN
34,ADOR-EQ,ADOR,,-1,1,,NSE,5,ADOR
3456,TATAMOTORS-EQ,TATAMOTORS,,-1,1,,NSE,5,TATAMOTORS
3475,THERMAX-EQ,THERMAX,,-1,1,,NSE,10,THERMAX
371,BATAINDIA-EQ,BATAINDIA,,-1,1,,NSE,10,BATAINDIA
3813,ARIHANTCAP-EQ,ARIHANTCAP,,-1,1,,NSE,1,ARIHANTCAP
4010,PVP-EQ,PVP,,-1,1,,NSE,1,PVP
4221,VISAKAIND-EQ,VISAKAIND,,-1,1,,NSE,1,VISAKAIND
4299,STERTOOLS-EQ,STERTOOLS,,-1,1,,NSE,5,STERTOOLS
4481,AARTIDRUGS-EQ,AARTIDRUGS,,-1,1,,NSE,5,AARTIDRUGS
48,HAPPSTMNDS-EQ,HAPPSTMNDS,,-1,1,,NSE,5,HAPPSTMNDS
4745,BANKINDIA-EQ,BANKINDIA,,-1,1,,NSE,1,BANKINDIA
4907,ENGINERSIN-EQ,ENGINERSIN,,-1,1,,NSE,1,ENGINERSIN
4963,ICICIBANK-EQ,ICICIBANK,,-1,1,,NSE,10,ICICIBANK
5168,SBIETFCON-EQ,SBIETFCON,,-1,1,,NSE,1,SBIETFCON
5382,EPIGRAL-EQ,EPIGRAL,,-1,1,,NSE,10,EPIGRAL
5501,YUKEN-EQ,YUKEN,,-1,1,,NSE,10,YUKEN
5507,SERVOTECH-EQ,SERVOTECH,,-1,1,,NSE,1,SERVOTECH
5606,INTLCONV-EQ,INTLCONV,,-1,1,,NSE,1,INTLCONV
5938,MONTECARLO-EQ,MONTECARLO,,-1,1,,NSE,5,MONTECARLO
6062,LICNETFGSC-EQ,LICNETFGSC,,-1,1,,NSE,1,LICNETFGSC
619,CENTENKA-EQ,CENTENKA,,-1,1,,NSE,5,CENTENKA
6164,BHAGCHEM-EQ,BHAGCHEM,,-1,1,,NSE,5,BHAGCHEM
6198,FCL-EQ,FCL,,-1,1,,NSE,1,FCL
6462,TECH-EQ,TECH,,-1,1,,NSE,1,TECH
676,EXIDEIND-EQ,EXIDEIND,,-1,1,,NSE,5,EXIDEIND
6705,PAYTM-EQ,PAYTM,,-1,1,,NSE,5,PAYTM
6818,LATENTVIEW-EQ,LATENTVIEW,,-1,1,,NSE,5,LATENTVIEW
7177,RATEGAIN-EQ,RATEGAIN,,-1,1,,NSE,5,RATEGAIN
7411,NILASPACES-EQ,NILASPACES,,-1,1,,NSE,1,NILASPACES
756086,GROWWMOM50-EQ,GROWWMOM50,,-1,1,,NSE,1,GROWWMOM50
757099,MOMGF-EQ,MOMGF,,-1,1,,NSE,1,MOMGF
757515,DIGITIDE-EQ,DIGITIDE,,-1,1,,NSE,1,DIGITIDE
757614,ARISINFRA-EQ,ARISINFRA,,-1,1,,NSE,1,ARISINFRA
7965,MALLCOM-EQ,MALLCOM,,-1,1,,NSE,10,MALLCOM
8050,MAHLIFE-EQ,MAHLIFE,,-1,1,,NSE,5,MAHLIFE
8054,KTKBANK-EQ,KTKBANK,,-1,1,,NSE,1,KTKBANK
8175,SAGARDEEP-EQ,SAGARDEEP,,-1,1,,NSE,1,SAGARDEEP
8477,XELPMOC-EQ,XELPMOC,,-1,1,,NSE,1,XELPMOC
8654,MOLOWVOL-EQ,MOLOWVOL,,-1,1,,NSE,1,MOLOWVOL
8727,SHAILY-EQ,SHAILY,,-1,1,,NSE,10,SHAILY
8937,E2E-EQ,E2E,,-1,1,,NSE,10,E2E
8968,HARIOMPIPE-EQ,HARIOMPIPE,,-1,1,,NSE,5,HARIOMPIPE
9356,MSTCLTD-EQ,MSTCLTD,,-1,1,,NSE,5,MSTCLTD
9581,METROPOLIS-EQ,METROPOLIS,,-1,1,,NSE,10,METROPOLIS
981,EPL-EQ,EPL,,-1,1,,NSE,1,EPL
9756,EMUDHRA-EQ,EMUDHRA,,-1,1,,NSE,5,EMUDHRA
9874,GOLDTECH-EQ,GOLDTECH,,-1,1,,NSE,1,GOLDTECH
9879,CHEVIOT-EQ,CHEVIOT,,-1,1,,NSE,10,CHEVIOT
999,EUROTEXIND-EQ,EUROTEXIND,,-1,1,,NSE,1,EUROTEXIND
9931,VIKASLIFE-EQ,VIKASLIFE,,-1,1,,NSE,1,VIKASLIFE
25358,PGEL-EQ,PGEL,,-1,1,,NSE,5,PGEL
25503,INDOUS-EQ,INDOUS,,-1,1,,NSE,1,INDOUS
25892,DBEIL-EQ,DBEIL,,-1,1,,NSE,1,DBEIL
25977,AFCONS-EQ,AFCONS,,-1,1,,NSE,5,AFCONS
2598,AMJLAND-EQ,AMJLAND,,-1,1,,NSE,1,AMJLAND
25996,EMULTIMQ-EQ,EMULTIMQ,,-1,1,,NSE,1,EMULTIMQ
27066,SWIGGY-EQ,SWIGGY,,-1,1,,NSE,5,SWIGGY
2711,PRECOT-EQ,PRECOT,,-1,1,,NSE,5,PRECOT
27097,NIVABUPA-EQ,NIVABUPA,,-1,1,,NSE,1,NIVABUPA
278,AUTOAXLES-EQ,AUTOAXLES,,-1,1,,NSE,10,AUTOAXLES
2854,CRAFTSMAN-EQ,CRAFTSMAN,,-1,1,,NSE,50,CRAFTSMAN
28662,DAMCAPITAL-EQ,DAMCAPITAL,,-1,1,,NSE,5,DAMCAPITAL
28906,MAYURUNIQ-EQ,MAYURUNIQ,,-1,1,,NSE,5,MAYURUNIQ
28913,ROSSELLIND-EQ,ROSSELLIND,,-1,1,,NSE,1,ROSSELLIND
29256,DENTA-EQ,DENTA,,-1,1,,NSE,5,DENTA
29459,MOSCHIP-EQ,MOSCHIP,,-1,1,,NSE,1,MOSCHIP
29487,NIBE-EQ,NIBE,,-1,1,,NSE,10,NIBE
29590,JUBLCPL-EQ,JUBLCPL,,-1,1,,NSE,10,JUBLCPL
29975,AONETOTAL-EQ,AONETOTAL,,-1,1,,NSE,1,AONETOTAL
3002,WONDERLA-EQ,WONDERLA,,-1,1,,NSE,5,WONDERLA
30109,SELECTIPO-EQ,SELECTIPO,,-1,1,,NSE,1,SELECTIPO
30139,CASHIETF-EQ,CASHIETF,,-1,1,,NSE,1,CASHIETF
30155,AXISVALUE-EQ,AXISVALUE,,-1,1,,NSE,1,AXISVALUE
3021,SOTL-EQ,SOTL,,-1,1,,NSE,5,SOTL
30249,ISHANCH-EQ,ISHANCH,,-1,1,,NSE,1,ISHANCH
3045,SBIN-EQ,SBIN,,-1,1,,NSE,5,SBIN
3066,SESHAPAPER-EQ,SESHAPAPER,,-1,1,,NSE,5,SESHAPAPER
3127,BARBEQUE-EQ,BARBEQUE,,-1,1,,NSE,5,BARBEQUE
3329,ISGEC-EQ,ISGEC,,-1,1,,NSE,10,ISGEC
3384,SWARAJENG-EQ,SWARAJENG,,-1,1,,NSE,10,SWARAJENG
3411,TATAELXSI-EQ,TATAELXSI,,-1,1,,NSE,50,TATAELXSI
350,BANARISUG-EQ,BANARISUG,,-1,1,,NSE,10,BANARISUG
3496,TIRUMALCHM-EQ,TIRUMALCHM,,-1,1,,NSE,1,TIRUMALCHM
3608,AXISHCETF-EQ,AXISHCETF,,-1,1,,NSE,1,AXISHCETF
3672,SOLARA-EQ,SOLARA,,-1,1,,NSE,5,SOLARA
3748,WEIZMANIND-EQ,WEIZMANIND,,-1,1,,NSE,1,WEIZMANIND
385,MAHLOG-EQ,MAHLOG,,-1,1,,NSE,5,MAHLOG
3821,ZODIACLOTH-EQ,ZODIACLOTH,,-1,1,,NSE,1,ZODIACLOTH
419,BEPL-EQ,BEPL,,-1,1,,NSE,1,BEPL
3965,REMSONSIND-EQ,REMSONSIND,,-1,1,,NSE,1,REMSONSIND
4244,HDFCAMC-EQ,HDFCAMC,,-1,1,,NSE,10,HDFCAMC
438,BHEL-EQ,BHEL,,-1,1,,NSE,5,BHEL
4394,MIRZAINT-EQ,MIRZAINT,,-1,1,,NSE,1,MIRZAINT
4598,HERITGFOOD-EQ,HERITGFOOD,,-1,1,,NSE,5,HERITGFOOD
467,HDFCLIFE-EQ,HDFCLIFE,,-1,1,,NSE,5,HDFCLIFE
4898,FDC-EQ,FDC,,-1,1,,NSE,5,FDC
5054,GRINFRA-EQ,GRINFRA,,-1,1,,NSE,10,GRINFRA
5204,GMDCLTD-EQ,GMDCLTD,,-1,1,,NSE,5,GMDCLTD
5516,JAIPURKURT-EQ,JAIPURKURT,,-1,1,,NSE,1,JAIPURKURT
5701,CUB-EQ,CUB,,-1,1,,NSE,1,CUB
5900,AXISBANK-EQ,AXISBANK,,-1,1,,NSE,10,AXISBANK
5957,BSLSENETFG-EQ,BSLSENETFG,,-1,1,,NSE,1,BSLSENETFG
6066,ATGL-EQ,ATGL,,-1,1,,NSE,5,ATGL
6125,GOODLUCK-EQ,GOODLUCK,,-1,1,,NSE,5,GOODLUCK
6286,GULPOLY-EQ,GULPOLY,,-1,1,,NSE,1,GULPOLY
6297,HEALTHY-EQ,HEALTHY,,-1,1,,NSE,1,HEALTHY
6579,FINOPB-EQ,FINOPB,,-1,1,,NSE,1,FINOPB
6718,SAPPHIRE-EQ,SAPPHIRE,,-1,1,,NSE,5,SAPPHIRE
6792,SBC-EQ,SBC,,-1,1,,NSE,1,SBC
7074,MAHKTECH-EQ,MAHKTECH,,-1,1,,NSE,1,MAHKTECH
7169,MICEL-EQ,MICEL,,-1,1,,NSE,1,MICEL
7200,SHRIRAMPPS-EQ,SHRIRAMPPS,,-1,1,,NSE,1,SHRIRAMPPS
7218,SBIETFQLTY-EQ,SBIETFQLTY,,-1,1,,NSE,1,SBIETFQLTY
7227,MAPMYINDIA-EQ,MAPMYINDIA,,-1,1,,NSE,10,MAPMYINDIA
7229,HCLTECH-EQ,HCLTECH,,-1,1,,NSE,10,HCLTECH
7287,JTLIND-EQ,JTLIND,,-1,1,,NSE,1,JTLIND
7353,SETFNN50-EQ,SETFNN50,,-1,1,,NSE,1,SETFNN50
7374,STAR-EQ,STAR,,-1,1,,NSE,5,STAR
7518,TREJHARA-EQ,TREJHARA,,-1,1,,NSE,1,TREJHARA
757049,RAJOOENG-EQ,RAJOOENG,,-1,1,,NSE,1,RAJOOENG
757478,SCODATUBES-EQ,SCODATUBES,,-1,1,,NSE,1,SCODATUBES
760,CGPOWER-EQ,CGPOWER,,-1,1,,NSE,5,CGPOWER
7603,CMSINFO-EQ,CMSINFO,,-1,1,,NSE,5,CMSINFO
7880,AUTOBEES-EQ,AUTOBEES,,-1,1,,NSE,1,AUTOBEES
7929,ZYDUSLIFE-EQ,ZYDUSLIFE,,-1,1,,NSE,5,ZYDUSLIFE
7942,SILVERIETF-EQ,SILVERIETF,,-1,1,,NSE,1,SILVERIETF
8110,AWL-EQ,AWL,,-1,1,,NSE,5,AWL
8304,PRITI-EQ,PRITI,,-1,1,,NSE,1,PRITI
8506,MID150BEES-EQ,MID150BEES,,-1,1,,NSE,1,MID150BEES
8529,GMRP&UI-EQ,GMRP&UI,,-1,1,,NSE,1,GMRP&UI
8687,MUKTAARTS-EQ,MUKTAARTS,,-1,1,,NSE,1,MUKTAARTS
8696,VRLLOG-EQ,VRLLOG,,-1,1,,NSE,5,VRLLOG
9039,UFO-EQ,UFO,,-1,1,,NSE,1,UFO
9046,AGROPHOS-EQ,AGROPHOS,,-1,1,,NSE,1,AGROPHOS
937,ELGIEQUIP-EQ,ELGIEQUIP,,-1,1,,NSE,5,ELGIEQUIP
9590,POLYCAB-EQ,POLYCAB,,-1,1,,NSE,50,POLYCAB
9652,RELCHEMQ-EQ,RELCHEMQ,,-1,1,,NSE,1,RELCHEMQ
9741,PARADEEP-EQ,PARADEEP,,-1,1,,NSE,1,PARADEEP
100,ARE&M-EQ,ARE&M,,-1,1,,NSE,10,ARE&M
10285,AYMSYNTEX-EQ,AYMSYNTEX,,-1,1,,NSE,1,AYMSYNTEX
10508,MOHEALTH-EQ,MOHEALTH,,-1,1,,NSE,1,MOHEALTH
1044,AXISBNKETF-EQ,AXISBNKETF,,-1,1,,NSE,1,AXISBNKETF
10485,RAMRAT-EQ,RAMRAT,,-1,1,,NSE,5,RAMRAT
10557,NAVKARCORP-EQ,NAVKARCORP,,-1,1,,NSE,1,NAVKARCORP
10579,MARKSANS-EQ,MARKSANS,,-1,1,,NSE,5,MARKSANS
10585,MOM30IETF-EQ,MOM30IETF,,-1,1,,NSE,1,MOM30IETF
10604,BHARTIARTL-EQ,BHARTIARTL,,-1,1,,NSE,10,BHARTIARTL
10693,MOMENTUM-EQ,MOMENTUM,,-1,1,,NSE,1,MOMENTUM
10753,UNIONBANK-EQ,UNIONBANK,,-1,1,,NSE,1,UNIONBANK
10876,HDFCSILVER-EQ,HDFCSILVER,,-1,1,,NSE,1,HDFCSILVER
10922,OMAXAUTO-EQ,OMAXAUTO,,-1,1,,NSE,1,OMAXAUTO
10945,TMB-EQ,TMB,,-1,1,,NSE,5,TMB
11045,SATIA-EQ,SATIA,,-1,1,,NSE,1,SATIA
11220,VARDHACRLC-EQ,VARDHACRLC,,-1,1,,NSE,1,VARDHACRLC
11223,UCOBANK-EQ,UCOBANK,,-1,1,,NSE,1,UCOBANK
11483,LT-EQ,LT,,-1,1,,NSE,10,LT
11571,PPLPHARMA-EQ,PPLPHARMA,,-1,1,,NSE,1,PPLPHARMA
11573,FORCEMOT-EQ,FORCEMOT,,-1,1,,NSE,100,FORCEMOT
11647,KOTARISUG-EQ,KOTARISUG,,-1,1,,NSE,1,KOTARISUG
11654,LALPATHLAB-EQ,LALPATHLAB,,-1,1,,NSE,10,LALPATHLAB
11677,INDOCO-EQ,INDOCO,,-1,1,,NSE,5,INDOCO
11699,PATELENG-EQ,PATELENG,,-1,1,,NSE,1,PATELENG
11763,JPPOWER-EQ,JPPOWER,,-1,1,,NSE,1,JPPOWER
1185,AMBER-EQ,AMBER,,-1,1,,NSE,50,AMBER
11778,GOKEX-EQ,GOKEX,,-1,1,,NSE,5,GOKEX
11868,63MOONS-EQ,63MOONS,,-1,1,,NSE,5,63MOONS
11872,GRANULES-EQ,GRANULES,,-1,1,,NSE,5,GRANULES
1200,ESG-EQ,ESG,,-1,1,,NSE,1,ESG
11927,NECLIFE-EQ,NECLIFE,,-1,1,,NSE,1,NECLIFE
12015,AEROENTER-EQ,AEROENTER,,-1,1,,NSE,1,AEROENTER
12153,BBTCL-EQ,BBTCL,,-1,1,,NSE,1,BBTCL
10074,EMAMIPAP-EQ,EMAMIPAP,,-1,1,,NSE,1,EMAMIPAP
10176,SETFNIF50-EQ,SETFNIF50,,-1,1,,NSE,1,SETFNIF50
1023,FEDERALBNK-EQ,FEDERALBNK,,-1,1,,NSE,1,FEDERALBNK
10238,CONFIPET-EQ,CONFIPET,,-1,1,,NSE,1,CONFIPET
1030,AARON-EQ,AARON,,-1,1,,NSE,5,AARON
1038,FINCABLES-EQ,FINCABLES,,-1,1,,NSE,5,FINCABLES
10346,DGCONTENT-EQ,DGCONTENT,,-1,1,,NSE,1,DGCONTENT
10397,JISLJALEQS-EQ,JISLJALEQS,,-1,1,,NSE,1,JISLJALEQS
10530,SHARDAMOTR-EQ,SHARDAMOTR,,-1,1,,NSE,10,SHARDAMOTR
10599,GUJGASLTD-EQ,GUJGASLTD,,-1,1,,NSE,5,GUJGASLTD
10618,SADBHIN-EQ,SADBHIN,,-1,1,,NSE,1,SADBHIN
10717,TIMESGTY-EQ,TIMESGTY,,-1,1,,NSE,1,TIMESGTY
10791,NUCLEUS-EQ,NUCLEUS,,-1,1,,NSE,10,NUCLEUS
10822,MOQUALITY-EQ,MOQUALITY,,-1,1,,NSE,1,MOQUALITY
10831,MOVALUINAV-EQ,MOVALUINAV,,-1,1,,NSE,1,MOVALUINAV
1085,GABRIEL-EQ,GABRIEL,,-1,1,,NSE,5,GABRIEL
10871,GRMOVER-EQ,GRMOVER,,-1,1,,NSE,5,GRMOVER
11032,SANGINITA-EQ,SANGINITA,,-1,1,,NSE,1,SANGINITA
11039,DCMNVL-EQ,DCMNVL,,-1,1,,NSE,1,DCMNVL
11082,LIBAS-EQ,LIBAS,,-1,1,,NSE,1,LIBAS
11155,CREATIVE-EQ,CREATIVE,,-1,1,,NSE,5,CREATIVE
11275,TVTODAY-EQ,TVTODAY,,-1,1,,NSE,1,TVTODAY
11297,SIL-EQ,SIL,,-1,1,,NSE,1,SIL
11343,AFFLE-EQ,AFFLE,,-1,1,,NSE,10,AFFLE
11439,BANKBEES-EQ,BANKBEES,,-1,1,,NSE,1,BANKBEES
11543,COFORGE-EQ,COFORGE,,-1,1,,NSE,50,COFORGE
11582,TRACXN-EQ,TRACXN,,-1,1,,NSE,1,TRACXN
1164,NEWGEN-EQ,NEWGEN,,-1,1,,NSE,10,NEWGEN
11782,EVEREADY-EQ,EVEREADY,,-1,1,,NSE,5,EVEREADY
11809,IIFL-EQ,IIFL,,-1,1,,NSE,5,IIFL
11919,MSPL-EQ,MSPL,,-1,1,,NSE,1,MSPL
12173,HNDFDS-EQ,HNDFDS,,-1,1,,NSE,5,HNDFDS
10159,ORICONENT-EQ,ORICONENT,,-1,1,,NSE,1,ORICONENT
10297,PPL-EQ,PPL,,-1,1,,NSE,5,PPL
104,SHAREINDIA-EQ,SHAREINDIA,,-1,1,,NSE,1,SHAREINDIA
1041,FINPIPE-EQ,FINPIPE,,-1,1,,NSE,1,FINPIPE
10407,KSHITIJPOL-EQ,KSHITIJPOL,,-1,1,,NSE,1,KSHITIJPOL
10515,UTISENSETF-EQ,UTISENSETF,,-1,1,,NSE,1,UTISENSETF
10588,SHREEPUSHK-EQ,SHREEPUSHK,,-1,1,,NSE,5,SHREEPUSHK
10634,ASAL-EQ,ASAL,,-1,1,,NSE,5,ASAL
10666,PNB-EQ,PNB,,-1,1,,NSE,1,PNB
10726,INDIAMART-EQ,INDIAMART,,-1,1,,NSE,10,INDIAMART
10825,MOVALUE-EQ,MOVALUE,,-1,1,,NSE,1,MOVALUE
11006,LIQUIDBEES-EQ,LIQUIDBEES,,-1,1,,NSE,1,LIQUIDBEES
11165,COFFEEDAY-EQ,COFFEEDAY,,-1,1,,NSE,1,COFFEEDAY
11255,HDFCQUAL-EQ,HDFCQUAL,,-1,1,,NSE,1,HDFCQUAL
11262,IGL-EQ,IGL,,-1,1,,NSE,1,IGL
11301,LUXIND-EQ,LUXIND,,-1,1,,NSE,10,LUXIND
11394,ZOTA-EQ,ZOTA,,-1,1,,NSE,5,ZOTA
11403,POONAWALLA-EQ,POONAWALLA,,-1,1,,NSE,5,POONAWALLA
11432,KRITINUT-EQ,KRITINUT,,-1,1,,NSE,1,KRITINUT
11435,SPANDANA-EQ,SPANDANA,,-1,1,,NSE,5,SPANDANA
11471,EXCELINDUS-EQ,EXCELINDUS,,-1,1,,NSE,10,EXCELINDUS
11522,NIITLTD-EQ,NIITLTD,,-1,1,,NSE,1,NIITLTD
11532,ULTRACEMCO-EQ,ULTRACEMCO,,-1,1,,NSE,100,ULTRACEMCO
11596,LINCOLN-EQ,LINCOLN,,-1,1,,NSE,5,LINCOLN
11602,INDSWFTLTD-EQ,INDSWFTLTD,,-1,1,,NSE,1,INDSWFTLTD
11606,GUFICBIO-EQ,GUFICBIO,,-1,1,,NSE,5,GUFICBIO
11667,DWARKESH-EQ,DWARKESH,,-1,1,,NSE,1,DWARKESH
1168,GMBREW-EQ,GMBREW,,-1,1,,NSE,5,GMBREW
11705,XCHANGING-EQ,XCHANGING,,-1,1,,NSE,1,XCHANGING
11796,HPIL-EQ,HPIL,,-1,1,,NSE,1,HPIL
11817,MANGALAM-EQ,MANGALAM,,-1,1,,NSE,1,MANGALAM
11860,JKPAPER-EQ,JKPAPER,,-1,1,,NSE,5,JKPAPER
11905,GENUSPOWER-EQ,GENUSPOWER,,-1,1,,NSE,5,GENUSPOWER
11999,FCSSOFT-EQ,FCSSOFT,,-1,1,,NSE,1,FCSSOFT
12009,IMPAL-EQ,IMPAL,,-1,1,,NSE,10,IMPAL
12024,ACI-EQ,ACI,,-1,1,,NSE,5,ACI
10406,STEELCITY-EQ,STEELCITY,,-1,1,,NSE,1,STEELCITY
10457,ARVSMART-EQ,ARVSMART,,-1,1,,NSE,5,ARVSMART
10511,UTINIFTETF-EQ,UTINIFTETF,,-1,1,,NSE,1,UTINIFTETF
10576,NIFTYBEES-EQ,NIFTYBEES,,-1,1,,NSE,1,NIFTYBEES
1073,FOSECOIND-EQ,FOSECOIND,,-1,1,,NSE,10,FOSECOIND
10738,OFSS-EQ,OFSS,,-1,1,,NSE,50,OFSS
1076,ZENSARTECH-EQ,ZENSARTECH,,-1,1,,NSE,5,ZENSARTECH
10794,CANBK-EQ,CANBK,,-1,1,,NSE,1,CANBK
10925,GODREJIND-EQ,GODREJIND,,-1,1,,NSE,10,GODREJIND
11050,SIRCA-EQ,SIRCA,,-1,1,,NSE,5,SIRCA
11065,NATHBIOGEN-EQ,NATHBIOGEN,,-1,1,,NSE,1,NATHBIOGEN
11236,JSL-EQ,JSL,,-1,1,,NSE,5,JSL
11260,HDFCVALUE-EQ,HDFCVALUE,,-1,1,,NSE,1,HDFCVALUE
11359,DHANBANK-EQ,DHANBANK,,-1,1,,NSE,1,DHANBANK
11386,PVTBANIETF-EQ,PVTBANIETF,,-1,1,,NSE,1,PVTBANIETF
11452,CCL-EQ,CCL,,-1,1,,NSE,5,CCL
11496,AMBICAAGAR-EQ,AMBICAAGAR,,-1,1,,NSE,1,AMBICAAGAR
1153,GLAXO-EQ,GLAXO,,-1,1,,NSE,10,GLAXO
11511,CENTEXT-EQ,CENTEXT,,-1,1,,NSE,1,CENTEXT
11549,TEXINFRA-EQ,TEXINFRA,,-1,1,,NSE,1,TEXINFRA
11593,HDFCSENSEX-EQ,HDFCSENSEX,,-1,1,,NSE,1,HDFCSENSEX
11627,NARMADA-EQ,NARMADA,,-1,1,,NSE,1,NARMADA
11689,SUPRAJIT-EQ,SUPRAJIT,,-1,1,,NSE,5,SUPRAJIT
11779,ACEINTEG-EQ,ACEINTEG,,-1,1,,NSE,1,ACEINTEG
11787,GOYALALUM-EQ,GOYALALUM,,-1,1,,NSE,1,GOYALALUM
11794,SAKSOFT-EQ,SAKSOFT,,-1,1,,NSE,1,SAKSOFT
11798,ALLDIGI-EQ,ALLDIGI,,-1,1,,NSE,5,ALLDIGI
1196,KANSAINER-EQ,KANSAINER,,-1,1,,NSE,5,KANSAINER
11896,GEOJITFSL-EQ,GEOJITFSL,,-1,1,,NSE,1,GEOJITFSL
11932,FUSION-EQ,FUSION,,-1,1,,NSE,1,FUSION
11983,SASKEN-EQ,SASKEN,,-1,1,,NSE,10,SASKEN
10181,BALKRISHNA-EQ,BALKRISHNA,,-1,1,,NSE,1,BALKRISHNA
10243,SYNGENE-EQ,SYNGENE,,-1,1,,NSE,5,SYNGENE
10415,MUTHOOTCAP-EQ,MUTHOOTCAP,,-1,1,,NSE,5,MUTHOOTCAP
10417,DYCL-EQ,DYCL,,-1,1,,NSE,5,DYCL
10637,OLECTRA-EQ,OLECTRA,,-1,1,,NSE,10,OLECTRA
10676,MNC-EQ,MNC,,-1,1,,NSE,1,MNC
10940,DIVISLAB-EQ,DIVISLAB,,-1,1,,NSE,50,DIVISLAB
10999,MARUTI-EQ,MARUTI,,-1,1,,NSE,100,MARUTI
11072,AGRITECH-EQ,AGRITECH,,-1,1,,NSE,1,AGRITECH
11140,SUMIT-EQ,SUMIT,,-1,1,,NSE,1,SUMIT
11195,INDIGO-EQ,INDIGO,,-1,1,,NSE,50,INDIGO
11287,UPL-EQ,UPL,,-1,1,,NSE,5,UPL
11441,LICNETFSEN-EQ,LICNETFSEN,,-1,1,,NSE,1,LICNETFSEN
1145,GIPCL-EQ,GIPCL,,-1,1,,NSE,1,GIPCL
11581,GULFPETRO-EQ,GULFPETRO,,-1,1,,NSE,1,GULFPETRO
11618,ASTRAMICRO-EQ,ASTRAMICRO,,-1,1,,NSE,10,ASTRAMICRO
1162,GTL-EQ,GTL,,-1,1,,NSE,1,GTL
11703,ALKEM-EQ,ALKEM,,-1,1,,NSE,50,ALKEM
11829,SSWL-EQ,SSWL,,-1,1,,NSE,1,SSWL
11840,NH-EQ,NH,,-1,1,,NSE,10,NH
11880,JSWHL-EQ,JSWHL,,-1,1,,NSE,500,JSWHL
11892,VHL-EQ,VHL,,-1,1,,NSE,10,VHL
11971,GOLDIAM-EQ,GOLDIAM,,-1,1,,NSE,5,GOLDIAM
12022,AURIONPRO-EQ,AURIONPRO,,-1,1,,NSE,10,AURIONPRO
12219,RUSTOMJEE-EQ,RUSTOMJEE,,-1,1,,NSE,5,RUSTOMJEE
12533,AAATECH-EQ,AAATECH,,-1,1,,NSE,1,AAATECH
12716,TEAMLEASE-EQ,TEAMLEASE,,-1,1,,NSE,10,TEAMLEASE
13086,AIAENG-EQ,AIAENG,,-1,1,,NSE,10,AIAENG
13101,VIMTALABS-EQ,VIMTALABS,,-1,1,,NSE,5,VIMTALABS
13139,EBBETF0433-EQ,EBBETF0433,,-1,1,,NSE,1,EBBETF0433
13143,GSEC10IETF-EQ,GSEC10IETF,,-1,1,,NSE,1,GSEC10IETF
13182,ROHLTD-EQ,ROHLTD,,-1,1,,NSE,5,ROHLTD
13270,JKCEMENT-EQ,JKCEMENT,,-1,1,,NSE,50,JKCEMENT
13511,MUNJALAU-EQ,MUNJALAU,,-1,1,,NSE,1,MUNJALAU
13587,ACE-EQ,ACE,,-1,1,,NSE,10,ACE
13620,ANANTRAJ-EQ,ANANTRAJ,,-1,1,,NSE,5,ANANTRAJ
13631,SKYGOLD-EQ,SKYGOLD,,-1,1,,NSE,5,SKYGOLD
13648,TALBROAUTO-EQ,TALBROAUTO,,-1,1,,NSE,5,TALBROAUTO
13720,JHS-EQ,JHS,,-1,1,,NSE,1,JHS
13730,INSPIRISYS-EQ,INSPIRISYS,,-1,1,,NSE,1,INSPIRISYS
13941,PRAENG-EQ,PRAENG,,-1,1,,NSE,1,PRAENG
13951,PARACABLES-EQ,PARACABLES,,-1,1,,NSE,1,PARACABLES
14106,AUTOIND-EQ,AUTOIND,,-1,1,,NSE,1,AUTOIND
14154,UNOMINDA-EQ,UNOMINDA,,-1,1,,NSE,10,UNOMINDA
14223,TIIL-EQ,TIIL,,-1,1,,NSE,10,TIIL
14278,ORIENTBELL-EQ,ORIENTBELL,,-1,1,,NSE,1,ORIENTBELL
14296,SEQUENT-EQ,SEQUENT,,-1,1,,NSE,1,SEQUENT
14423,LAOPALA-EQ,LAOPALA,,-1,1,,NSE,1,LAOPALA
14479,DIVGIITTS-EQ,DIVGIITTS,,-1,1,,NSE,5,DIVGIITTS
14480,GOKULAGRO-EQ,GOKULAGRO,,-1,1,,NSE,1,GOKULAGRO
1455,BIRLANU-EQ,BIRLANU,,-1,1,,NSE,10,BIRLANU
14597,ALPHAGEO-EQ,ALPHAGEO,,-1,1,,NSE,5,ALPHAGEO
14599,GSLSU-EQ,GSLSU,,-1,1,,NSE,1,GSLSU
14672,NAVINFLUOR-EQ,NAVINFLUOR,,-1,1,,NSE,10,NAVINFLUOR
14702,NAGREEKEXP-EQ,NAGREEKEXP,,-1,1,,NSE,1,NAGREEKEXP
14712,HGS-EQ,HGS,,-1,1,,NSE,5,HGS
14755,041NSETEST-EQ,041NSETEST,,-1,1,,NSE,5,041NSETEST
14767,081NSETEST-EQ,081NSETEST,,-1,1,,NSE,5,081NSETEST
15136,KAUSHALYA-EQ,KAUSHALYA,,-1,1,,NSE,5,KAUSHALYA
15141,COLPAL-EQ,COLPAL,,-1,1,,NSE,10,COLPAL
1521,INDIAGLYCO-EQ,INDIAGLYCO,,-1,1,,NSE,10,INDIAGLYCO
15157,RHL-EQ,RHL,,-1,1,,NSE,1,RHL
15199,MANAKSIA-EQ,MANAKSIA,,-1,1,,NSE,1,MANAKSIA
15283,KNRCON-EQ,KNRCON,,-1,1,,NSE,1,KNRCON
15303,BANG-EQ,BANG,,-1,1,,NSE,1,BANG
15355,RECLTD-EQ,RECLTD,,-1,1,,NSE,5,RECLTD
1565,RVHL-EQ,RVHL,,-1,1,,NSE,1,RVHL
1576,GILLETTE-EQ,GILLETTE,,-1,1,,NSE,50,GILLETTE
16045,PRINCEPIPE-EQ,PRINCEPIPE,,-1,1,,NSE,5,PRINCEPIPE
1628,BECTORFOOD-EQ,BECTORFOOD,,-1,1,,NSE,10,BECTORFOOD
16123,BHARATWIRE-EQ,BHARATWIRE,,-1,1,,NSE,1,BHARATWIRE
16682,PTCIL-EQ,PTCIL,,-1,1,,NSE,100,PTCIL
16783,GVT&D-EQ,GVT&D,,-1,1,,NSE,10,GVT&D
16819,QNIFTY-EQ,QNIFTY,,-1,1,,NSE,1,QNIFTY
16927,JOCIL-EQ,JOCIL,,-1,1,,NSE,1,JOCIL
17313,LLOYDSME-EQ,LLOYDSME,,-1,1,,NSE,10,LLOYDSME
17364,VINATIORGA-EQ,VINATIORGA,,-1,1,,NSE,10,VINATIORGA
17358,UTKARSHBNK-EQ,UTKARSHBNK,,-1,1,,NSE,1,UTKARSHBNK
17704,QUESS-EQ,QUESS,,-1,1,,NSE,5,QUESS
17764,REFEX-EQ,REFEX,,-1,1,,NSE,5,REFEX
17869,JSWENERGY-EQ,JSWENERGY,,-1,1,,NSE,5,JSWENERGY
17971,SBICARD-EQ,SBICARD,,-1,1,,NSE,5,SBICARD
1811,KAKATCEM-EQ,KAKATCEM,,-1,1,,NSE,1,KAKATCEM
18214,TEXMOPIPES-EQ,TEXMOPIPES,,-1,1,,NSE,1,TEXMOPIPES
18220,KECL-EQ,KECL,,-1,1,,NSE,1,KECL
184,TCPLPACK-EQ,TCPLPACK,,-1,1,,NSE,10,TCPLPACK
18365,PERSISTENT-EQ,PERSISTENT,,-1,1,,NSE,50,PERSISTENT
18431,BIGBLOC-EQ,BIGBLOC,,-1,1,,NSE,1,BIGBLOC
18889,KSL-EQ,KSL,,-1,1,,NSE,5,KSL
19,STYRENIX-EQ,STYRENIX,,-1,1,,NSE,10,STYRENIX
18962,RAJRATAN-EQ,RAJRATAN,,-1,1,,NSE,5,RAJRATAN
19061,MANAPPURAM-EQ,MANAPPURAM,,-1,1,,NSE,1,MANAPPURAM
19218,VALIANTLAB-EQ,VALIANTLAB,,-1,1,,NSE,1,VALIANTLAB
19458,PLAZACABLE-EQ,PLAZACABLE,,-1,1,,NSE,1,PLAZACABLE
19633,ITETF-EQ,ITETF,,-1,1,,NSE,1,ITETF
19640,ALPHAETF-EQ,ALPHAETF,,-1,1,,NSE,1,ALPHAETF
19686,BLUEJET-EQ,BLUEJET,,-1,1,,NSE,5,BLUEJET
19731,GPPL-EQ,GPPL,,-1,1,,NSE,1,GPPL
19783,MUFIN-EQ,MUFIN,,-1,1,,NSE,1,MUFIN
19876,LGHL-EQ,LGHL,,-1,1,,NSE,5,LGHL
1997,LICHSGFIN-EQ,LICHSGFIN,,-1,1,,NSE,5,LICHSGFIN
20188,WABAG-EQ,WABAG,,-1,1,,NSE,10,WABAG
20261,IREDA-EQ,IREDA,,-1,1,,NSE,1,IREDA
20321,SHANKARA-EQ,SHANKARA,,-1,1,,NSE,5,SHANKARA
20453,APCL-EQ,APCL,,-1,1,,NSE,1,APCL
20534,GRAVITA-EQ,GRAVITA,,-1,1,,NSE,10,GRAVITA
2073,VTL-EQ,VTL,,-1,1,,NSE,5,VTL
20950,RKDL-EQ,RKDL,,-1,1,,NSE,1,RKDL
2107,STOVEKRAFT-EQ,STOVEKRAFT,,-1,1,,NSE,5,STOVEKRAFT
21077,SURANASOL-EQ,SURANASOL,,-1,1,,NSE,1,SURANASOL
21119,KICL-EQ,KICL,,-1,1,,NSE,50,KICL
21131,TEJASNET-EQ,TEJASNET,,-1,1,,NSE,5,TEJASNET
21275,SUMMITSEC-EQ,SUMMITSEC,,-1,1,,NSE,10,SUMMITSEC
21314,DYNPRO-EQ,DYNPRO,,-1,1,,NSE,5,DYNPRO
21794,DAVANGERE-EQ,DAVANGERE,,-1,1,,NSE,1,DAVANGERE
21951,HFCL-EQ,HFCL,,-1,1,,NSE,1,HFCL
21959,NIFTYBETF-EQ,NIFTYBETF,,-1,1,,NSE,1,NIFTYBETF
22377,MAXHEALTH-EQ,MAXHEALTH,,-1,1,,NSE,10,MAXHEALTH
22524,NIF10GETF-EQ,NIF10GETF,,-1,1,,NSE,1,NIF10GETF
2263,BANDHANBNK-EQ,BANDHANBNK,,-1,1,,NSE,1,BANDHANBNK
2275,IRISDOREME-EQ,IRISDOREME,,-1,1,,NSE,1,IRISDOREME
22901,GOLDCASE-EQ,GOLDCASE,,-1,1,,NSE,1,GOLDCASE
2294,MTNL-EQ,MTNL,,-1,1,,NSE,1,MTNL
2328,CPSEETF-EQ,CPSEETF,,-1,1,,NSE,1,CPSEETF
23402,SRM-EQ,SRM,,-1,1,,NSE,5,SRM
23855,MIDSMALL-EQ,MIDSMALL,,-1,1,,NSE,1,MIDSMALL
2406,NEULANDLAB-EQ,NEULANDLAB,,-1,1,,NSE,100,NEULANDLAB
24159,AFIL-EQ,AFIL,,-1,1,,NSE,1,AFIL
2421,NILKAMAL-EQ,NILKAMAL,,-1,1,,NSE,10,NILKAMAL
24226,STANLEY-EQ,STANLEY,,-1,1,,NSE,5,STANLEY
24231,OMINFRAL-EQ,OMINFRAL,,-1,1,,NSE,1,OMINFRAL
2439,NKIND-EQ,NKIND,,-1,1,,NSE,1,NKIND
24378,RELIABLE-EQ,RELIABLE,,-1,1,,NSE,1,RELIABLE
24610,AVANTEL-EQ,AVANTEL,,-1,1,,NSE,1,AVANTEL
1232,GRASIM-EQ,GRASIM,,-1,1,,NSE,10,GRASIM
12686,MBAPL-EQ,MBAPL,,-1,1,,NSE,5,MBAPL
12749,DJML-EQ,DJML,,-1,1,,NSE,1,DJML
128,ROUTE-EQ,ROUTE,,-1,1,,NSE,5,ROUTE
12842,G1NSETEST-EQ,G1NSETEST,,-1,1,,NSE,5,G1NSETEST
13061,360ONE-EQ,360ONE,,-1,1,,NSE,5,360ONE
13175,NITINSPIN-EQ,NITINSPIN,,-1,1,,NSE,5,NITINSPIN
13305,CENTURYPLY-EQ,CENTURYPLY,,-1,1,,NSE,5,CENTURYPLY
13337,GALLANTT-EQ,GALLANTT,,-1,1,,NSE,5,GALLANTT
13400,BHAGERIA-EQ,BHAGERIA,,-1,1,,NSE,1,BHAGERIA
13441,BALPHARMA-EQ,BALPHARMA,,-1,1,,NSE,1,BALPHARMA
136,ANDHRSUGAR-EQ,ANDHRSUGAR,,-1,1,,NSE,1,ANDHRSUGAR
13598,SELAN-EQ,SELAN,,-1,1,,NSE,5,SELAN
13644,BANKETFADD-EQ,BANKETFADD,,-1,1,,NSE,1,BANKETFADD
13658,GEECEE-EQ,GEECEE,,-1,1,,NSE,5,GEECEE
13791,PARSVNATH-EQ,PARSVNATH,,-1,1,,NSE,1,PARSVNATH
14194,NINSYS-EQ,NINSYS,,-1,1,,NSE,5,NINSYS
14233,HDFCSML250-EQ,HDFCSML250,,-1,1,,NSE,1,HDFCSML250
144,GODREJAGRO-EQ,GODREJAGRO,,-1,1,,NSE,5,GODREJAGRO
14334,HSCL-EQ,HSCL,,-1,1,,NSE,5,HSCL
14657,INSECTICID-EQ,INSECTICID,,-1,1,,NSE,5,INSECTICID
14761,NELCAST-EQ,NELCAST,,-1,1,,NSE,1,NELCAST
14782,151NSETEST-EQ,151NSETEST,,-1,1,,NSE,5,151NSETEST
14788,SPARC-EQ,SPARC,,-1,1,,NSE,1,SPARC
1508,ASTERDM-EQ,ASTERDM,,-1,1,,NSE,5,ASTERDM
15068,RELIGARE-EQ,RELIGARE,,-1,1,,NSE,1,RELIGARE
1512,INDHOTEL-EQ,INDHOTEL,,-1,1,,NSE,5,INDHOTEL
15151,MADHAV-EQ,MADHAV,,-1,1,,NSE,1,MADHAV
15214,DVL-EQ,DVL,,-1,1,,NSE,5,DVL
15219,PATINTLOG-EQ,PATINTLOG,,-1,1,,NSE,1,PATINTLOG
1530,INDIANHUME-EQ,INDIANHUME,,-1,1,,NSE,5,INDIANHUME
15313,IRB-EQ,IRB,,-1,1,,NSE,1,IRB
15337,RAIN-EQ,RAIN,,-1,1,,NSE,1,RAIN
15414,TITAGARH-EQ,TITAGARH,,-1,1,,NSE,5,TITAGARH
1570,GMMPFAUDLR-EQ,GMMPFAUDLR,,-1,1,,NSE,10,GMMPFAUDLR
15419,DPSCLTD-EQ,DPSCLTD,,-1,1,,NSE,1,DPSCLTD
1675,ITI-EQ,ITI,,-1,1,,NSE,5,ITI
16669,BAJAJ-AUTO-EQ,BAJAJ-AUTO,,-1,1,,NSE,50,BAJAJ-AUTO
16915,ZFCVINDIA-EQ,ZFCVINDIA,,-1,1,,NSE,100,ZFCVINDIA
17400,NHPC-EQ,NHPC,,-1,1,,NSE,1,NHPC
17419,BANKETF-EQ,BANKETF,,-1,1,,NSE,1,BANKETF
17534,MGL-EQ,MGL,,-1,1,,NSE,10,MGL
17875,GODREJPROP-EQ,GODREJPROP,,-1,1,,NSE,10,GODREJPROP
17963,NESTLEIND-EQ,NESTLEIND,,-1,1,,NSE,10,NESTLEIND
18096,JUBLFOOD-EQ,JUBLFOOD,,-1,1,,NSE,5,JUBLFOOD
18139,DOLPHIN-EQ,DOLPHIN,,-1,1,,NSE,5,DOLPHIN
18232,LORDSCHLO-EQ,LORDSCHLO,,-1,1,,NSE,1,LORDSCHLO
18250,PYRAMID-EQ,PYRAMID,,-1,1,,NSE,1,PYRAMID
18268,AEROFLEX-EQ,AEROFLEX,,-1,1,,NSE,1,AEROFLEX
18417,RISHABH-EQ,RISHABH,,-1,1,,NSE,5,RISHABH
18593,EMSLIMITED-EQ,EMSLIMITED,,-1,1,,NSE,5,EMSLIMITED
18866,MAZDA-EQ,MAZDA,,-1,1,,NSE,5,MAZDA
18967,KAPSTON-EQ,KAPSTON,,-1,1,,NSE,1,KAPSTON
19036,PODDARMENT-EQ,PODDARMENT,,-1,1,,NSE,5,PODDARMENT
1922,KOTAKBANK-EQ,KOTAKBANK,,-1,1,,NSE,10,KOTAKBANK
19237,MONIFTY500-EQ,MONIFTY500,,-1,1,,NSE,1,MONIFTY500
19646,MAXESTATES-EQ,MAXESTATES,,-1,1,,NSE,5,MAXESTATES
19933,EGOLD-EQ,EGOLD,,-1,1,,NSE,5,EGOLD
2018,LUMAXIND-EQ,LUMAXIND,,-1,1,,NSE,10,LUMAXIND
20160,CANTABIL-EQ,CANTABIL,,-1,1,,NSE,1,CANTABIL
2029,IRFC-EQ,IRFC,,-1,1,,NSE,1,IRFC
20322,FEDFINA-EQ,FEDFINA,,-1,1,,NSE,1,FEDFINA
2043,RAMCOCEM-EQ,RAMCOCEM,,-1,1,,NSE,5,RAMCOCEM
20481,WIPL-EQ,WIPL,,-1,1,,NSE,1,WIPL
20547,BBNPPGOLD-EQ,BBNPPGOLD,,-1,1,,NSE,5,BBNPPGOLD
20621,PENIND-EQ,PENIND,,-1,1,,NSE,1,PENIND
2085,MAHSCOOTER-EQ,MAHSCOOTER,,-1,1,,NSE,100,MAHSCOOTER
20956,SUNCLAY-EQ,SUNCLAY,,-1,1,,NSE,10,SUNCLAY
2124,MASTEK-EQ,MASTEK,,-1,1,,NSE,10,MASTEK
21247,DIGIDRIVE-EQ,DIGIDRIVE,,-1,1,,NSE,1,DIGIDRIVE
21484,STEL-EQ,STEL,,-1,1,,NSE,5,STEL
21501,SIS-EQ,SIS,,-1,1,,NSE,5,SIS
21614,ABCAPITAL-EQ,ABCAPITAL,,-1,1,,NSE,1,ABCAPITAL
21740,CHOLAHLDNG-EQ,CHOLAHLDNG,,-1,1,,NSE,10,CHOLAHLDNG
2176,AKG-EQ,AKG,,-1,1,,NSE,1,AKG
21828,TEXRAIL-EQ,TEXRAIL,,-1,1,,NSE,1,TEXRAIL
2241,MODTHREAD-EQ,MODTHREAD,,-1,1,,NSE,1,MODTHREAD
22463,EPACK-EQ,EPACK,,-1,1,,NSE,5,EPACK
22739,MON100-EQ,MON100,,-1,1,,NSE,1,MON100
22846,GPTHEALTH-EQ,GPTHEALTH,,-1,1,,NSE,1,GPTHEALTH
22947,EXICOM-EQ,EXICOM,,-1,1,,NSE,1,EXICOM
2303,HAL-EQ,HAL,,-1,1,,NSE,10,HAL
23043,RKSWAMY-EQ,RKSWAMY,,-1,1,,NSE,1,RKSWAMY
23181,MOSMALL250-EQ,MOSMALL250,,-1,1,,NSE,1,MOSMALL250
23184,MOREALTY-EQ,MOREALTY,,-1,1,,NSE,1,MOREALTY
23365,SABTNL-EQ,SABTNL,,-1,1,,NSE,5,SABTNL
24014,BOROSCI-EQ,BOROSCI,,-1,1,,NSE,1,BOROSCI
24077,MID150CASE-EQ,MID150CASE,,-1,1,,NSE,1,MID150CASE
24145,RETAIL-EQ,RETAIL,,-1,1,,NSE,1,RETAIL
24184,PIIND-EQ,PIIND,,-1,1,,NSE,10,PIIND
24196,VADILALIND-EQ,VADILALIND,,-1,1,,NSE,50,VADILALIND
24292,VSTTILLERS-EQ,VSTTILLERS,,-1,1,,NSE,10,VSTTILLERS
2442,NOCIL-EQ,NOCIL,,-1,1,,NSE,1,NOCIL
24735,RPEL-EQ,RPEL,,-1,1,,NSE,5,RPEL
24777,OLAELEC-EQ,OLAELEC,,-1,1,,NSE,1,OLAELEC
24781,BSLNIFTY-EQ,BSLNIFTY,,-1,1,,NSE,1,BSLNIFTY
24823,MANCREDIT-EQ,MANCREDIT,,-1,1,,NSE,1,MANCREDIT
12841,11NSETEST-EQ,11NSETEST,,-1,1,,NSE,5,11NSETEST
12913,SARVESHWAR-EQ,SARVESHWAR,,-1,1,,NSE,1,SARVESHWAR
13081,TRIVENI-EQ,TRIVENI,,-1,1,,NSE,5,TRIVENI
13147,PVRINOX-EQ,PVRINOX,,-1,1,,NSE,5,PVRINOX
1315,GALAXYSURF-EQ,GALAXYSURF,,-1,1,,NSE,10,GALAXYSURF
13352,MALUPAPER-EQ,MALUPAPER,,-1,1,,NSE,1,MALUPAPER
13359,KFINTECH-EQ,KFINTECH,,-1,1,,NSE,10,KFINTECH
1348,HEROMOTOCO-EQ,HEROMOTOCO,,-1,1,,NSE,10,HEROMOTOCO
13510,AKASH-EQ,AKASH,,-1,1,,NSE,1,AKASH
13577,VOLTAMP-EQ,VOLTAMP,,-1,1,,NSE,50,VOLTAMP
1372,HINDCOMPOS-EQ,HINDCOMPOS,,-1,1,,NSE,5,HINDCOMPOS
13875,JINDRILL-EQ,JINDRILL,,-1,1,,NSE,5,JINDRILL
13900,CREST-EQ,CREST,,-1,1,,NSE,5,CREST
1394,HINDUNILVR-EQ,HINDUNILVR,,-1,1,,NSE,10,HINDUNILVR
13925,NFL-EQ,NFL,,-1,1,,NSE,1,NFL
13966,HBLENGINE-EQ,HBLENGINE,,-1,1,,NSE,5,HBLENGINE
13976,TANLA-EQ,TANLA,,-1,1,,NSE,5,TANLA
14008,AVTNPL-EQ,AVTNPL,,-1,1,,NSE,1,AVTNPL
14111,NETWORK18-EQ,NETWORK18,,-1,1,,NSE,1,NETWORK18
14134,PITTIENG-EQ,PITTIENG,,-1,1,,NSE,5,PITTIENG
14180,NSLNISP-EQ,NSLNISP,,-1,1,,NSE,1,NSLNISP
14286,GOLDETF-EQ,GOLDETF,,-1,1,,NSE,1,GOLDETF
14485,THEMISMED-EQ,THEMISMED,,-1,1,,NSE,1,THEMISMED
14535,GOLDSHARE-EQ,GOLDSHARE,,-1,1,,NSE,5,GOLDSHARE
14557,AROGRANITE-EQ,AROGRANITE,,-1,1,,NSE,1,AROGRANITE
14607,TGBHOTELS-EQ,TGBHOTELS,,-1,1,,NSE,1,TGBHOTELS
1465,ACCURACY-EQ,ACCURACY,,-1,1,,NSE,1,ACCURACY
14667,KMSUGAR-EQ,KMSUGAR,,-1,1,,NSE,1,KMSUGAR
1467,AKZOINDIA-EQ,AKZOINDIA,,-1,1,,NSE,10,AKZOINDIA
14677,GUJAPOLLO-EQ,GUJAPOLLO,,-1,1,,NSE,5,GUJAPOLLO
14732,DLF-EQ,DLF,,-1,1,,NSE,5,DLF
14747,011NSETEST-EQ,011NSETEST,,-1,1,,NSE,5,011NSETEST
1480,REPL-EQ,REPL,,-1,1,,NSE,1,REPL
14781,141NSETEST-EQ,141NSETEST,,-1,1,,NSE,5,141NSETEST
14947,MOTILALOFS-EQ,MOTILALOFS,,-1,1,,NSE,5,MOTILALOFS
14957,MAGNUM-EQ,MAGNUM,,-1,1,,NSE,1,MAGNUM
15083,ADANIPORTS-EQ,ADANIPORTS,,-1,1,,NSE,10,ADANIPORTS
1515,INDIACEM-EQ,INDIACEM,,-1,1,,NSE,5,INDIACEM
15174,TARIL-EQ,TARIL,,-1,1,,NSE,5,TARIL
15179,ECLERX-EQ,ECLERX,,-1,1,,NSE,10,ECLERX
15239,BIRLAMONEY-EQ,BIRLAMONEY,,-1,1,,NSE,1,BIRLAMONEY
15360,NAHARCAP-EQ,NAHARCAP,,-1,1,,NSE,5,NAHARCAP
1547,RKEC-EQ,RKEC,,-1,1,,NSE,1,RKEC
157,APOLLOHOSP-EQ,APOLLOHOSP,,-1,1,,NSE,50,APOLLOHOSP
1594,INFY-EQ,INFY,,-1,1,,NSE,10,INFY
1624,IOC-EQ,IOC,,-1,1,,NSE,1,IOC
166,ANDHRAPAP-EQ,ANDHRAPAP,,-1,1,,NSE,1,ANDHRAPAP
1633,IPCALAB-EQ,IPCALAB,,-1,1,,NSE,10,IPCALAB
16395,MMP-EQ,MMP,,-1,1,,NSE,1,MMP
16675,BAJAJFINSV-EQ,BAJAJFINSV,,-1,1,,NSE,10,BAJAJFINSV
1672,HGINFRA-EQ,HGINFRA,,-1,1,,NSE,10,HGINFRA
16777,SILVRETF-EQ,SILVRETF,,-1,1,,NSE,1,SILVRETF
16822,IKIO-EQ,IKIO,,-1,1,,NSE,1,IKIO
16827,KOKUYOCMLN-EQ,KOKUYOCMLN,,-1,1,,NSE,1,KOKUYOCMLN
16933,INDBANK-EQ,INDBANK,,-1,1,,NSE,1,INDBANK
17,GATECHDVR-EQ,GATECHDVR,,-1,1,,NSE,1,GATECHDVR
1235,GREAVESCOT-EQ,GREAVESCOT,,-1,1,,NSE,1,GREAVESCOT
1270,AMBUJACEM-EQ,AMBUJACEM,,-1,1,,NSE,5,AMBUJACEM
13,ABB-EQ,ABB,,-1,1,,NSE,50,ABB
13091,EKC-EQ,EKC,,-1,1,,NSE,1,EKC
13116,QUICKHEAL-EQ,QUICKHEAL,,-1,1,,NSE,5,QUICKHEAL
1313,HARRMALAYA-EQ,HARRMALAYA,,-1,1,,NSE,1,HARRMALAYA
13162,CELEBRITY-EQ,CELEBRITY,,-1,1,,NSE,1,CELEBRITY
13211,JAGRAN-EQ,JAGRAN,,-1,1,,NSE,1,JAGRAN
13288,AFSL-EQ,AFSL,,-1,1,,NSE,1,AFSL
13376,UTTAMSUGAR-EQ,UTTAMSUGAR,,-1,1,,NSE,5,UTTAMSUGAR
13451,RATNAMANI-EQ,RATNAMANI,,-1,1,,NSE,10,RATNAMANI
13501,ALLCARGO-EQ,ALLCARGO,,-1,1,,NSE,1,ALLCARGO
13536,VIDHIING-EQ,VIDHIING,,-1,1,,NSE,5,VIDHIING
13776,GESHIP-EQ,GESHIP,,-1,1,,NSE,5,GESHIP
14068,SAGCEM-EQ,SAGCEM,,-1,1,,NSE,1,SAGCEM
14150,BTML-EQ,BTML,,-1,1,,NSE,1,BTML
14236,HDFCMID150-EQ,HDFCMID150,,-1,1,,NSE,1,HDFCMID150
14255,REDINGTON-EQ,REDINGTON,,-1,1,,NSE,5,REDINGTON
14260,PGIL-EQ,PGIL,,-1,1,,NSE,10,PGIL
14319,TFL-EQ,TFL,,-1,1,,NSE,1,TFL
14418,ASTRAL-EQ,ASTRAL,,-1,1,,NSE,10,ASTRAL
14440,NAHARSPING-EQ,NAHARSPING,,-1,1,,NSE,5,NAHARSPING
14552,PHOENIXLTD-EQ,PHOENIXLTD,,-1,1,,NSE,10,PHOENIXLTD
14687,GOACARBON-EQ,GOACARBON,,-1,1,,NSE,5,GOACARBON
14742,AXSENSEX-EQ,AXSENSEX,,-1,1,,NSE,1,AXSENSEX
14838,DECCANCE-EQ,DECCANCE,,-1,1,,NSE,5,DECCANCE
14843,VIPCLOTHNG-EQ,VIPCLOTHNG,,-1,1,,NSE,1,VIPCLOTHNG
14912,KPRMILL-EQ,KPRMILL,,-1,1,,NSE,10,KPRMILL
15039,CERA-EQ,CERA,,-1,1,,NSE,50,CERA
15061,PSUBANK-EQ,PSUBANK,,-1,1,,NSE,1,PSUBANK
15180,KIRLPNU-EQ,KIRLPNU,,-1,1,,NSE,10,KIRLPNU
15228,UJJIVANSFB-EQ,UJJIVANSFB,,-1,1,,NSE,1,UJJIVANSFB
15271,CORDSCABLE-EQ,CORDSCABLE,,-1,1,,NSE,1,CORDSCABLE
15347,GSS-EQ,GSS,,-1,1,,NSE,1,GSS
15555,HCG-EQ,HCG,,-1,1,,NSE,5,HCG
1597,INGERRAND-EQ,INGERRAND,,-1,1,,NSE,10,INGERRAND
1607,GODHA-EQ,GODHA,,-1,1,,NSE,1,GODHA
16192,PAVNAIND-EQ,PAVNAIND,,-1,1,,NSE,5,PAVNAIND
163,APOLLOTYRE-EQ,APOLLOTYRE,,-1,1,,NSE,5,APOLLOTYRE
1627,LINDEINDIA-EQ,LINDEINDIA,,-1,1,,NSE,50,LINDEINDIA
16639,KIRIINDUS-EQ,KIRIINDUS,,-1,1,,NSE,5,KIRIINDUS
16713,UBL-EQ,UBL,,-1,1,,NSE,10,UBL
16725,RPGLIFE-EQ,RPGLIFE,,-1,1,,NSE,10,RPGLIFE
1681,IVP-EQ,IVP,,-1,1,,NSE,1,IVP
16859,SINDHUTRAD-EQ,SINDHUTRAD,,-1,1,,NSE,1,SINDHUTRAD
17187,CYIENTDLM-EQ,CYIENTDLM,,-1,1,,NSE,5,CYIENTDLM
17270,ASPINWALL-EQ,ASPINWALL,,-1,1,,NSE,5,ASPINWALL
17279,BLS-EQ,BLS,,-1,1,,NSE,5,BLS
17351,SALONA-EQ,SALONA,,-1,1,,NSE,5,SALONA
17376,EXCEL-EQ,EXCEL,,-1,1,,NSE,1,EXCEL
17438,OIL-EQ,OIL,,-1,1,,NSE,5,OIL
17486,EXPLEOSOL-EQ,EXPLEOSOL,,-1,1,,NSE,10,EXPLEOSOL
17616,PSUBANKADD-EQ,PSUBANKADD,,-1,1,,NSE,1,PSUBANKADD
17032,THYROCARE-EQ,THYROCARE,,-1,1,,NSE,10,THYROCARE
17145,AARTECH-EQ,AARTECH,,-1,1,,NSE,1,AARTECH
17181,NEXT50-EQ,NEXT50,,-1,1,,NSE,1,NEXT50
17263,ARMANFIN-EQ,ARMANFIN,,-1,1,,NSE,10,ARMANFIN
17272,SETFGOLD-EQ,SETFGOLD,,-1,1,,NSE,1,SETFGOLD
17333,MHRIL-EQ,MHRIL,,-1,1,,NSE,5,MHRIL
17576,PVTBANKADD-EQ,PVTBANKADD,,-1,1,,NSE,1,PVTBANKADD
17598,ASALCBR-EQ,ASALCBR,,-1,1,,NSE,10,ASALCBR
17613,SENSEXADD-EQ,SENSEXADD,,-1,1,,NSE,1,SENSEXADD
17722,DEN-EQ,DEN,,-1,1,,NSE,1,DEN
17903,ABBOTINDIA-EQ,ABBOTINDIA,,-1,1,,NSE,500,ABBOTINDIA
17927,BAYERCROP-EQ,BAYERCROP,,-1,1,,NSE,50,BAYERCROP
17945,COHANCE-EQ,COHANCE,,-1,1,,NSE,10,COHANCE
18011,WHIRLPOOL-EQ,WHIRLPOOL,,-1,1,,NSE,10,WHIRLPOOL
1802,JYOTISTRUC-EQ,JYOTISTRUC,,-1,1,,NSE,1,JYOTISTRUC
18049,MINDTECK-EQ,MINDTECK,,-1,1,,NSE,5,MINDTECK
18086,DBL-EQ,DBL,,-1,1,,NSE,5,DBL
181,ARENTERP-EQ,ARENTERP,,-1,1,,NSE,1,ARENTERP
18131,YASHO-EQ,YASHO,,-1,1,,NSE,10,YASHO
18391,RBLBANK-EQ,RBLBANK,,-1,1,,NSE,1,RBLBANK
18543,DIACABS-EQ,DIACABS,,-1,1,,NSE,1,DIACABS
18644,DIAMINESQ-EQ,DIAMINESQ,,-1,1,,NSE,5,DIAMINESQ
18743,SIGNATURE-EQ,SIGNATURE,,-1,1,,NSE,10,SIGNATURE
18760,YATRA-EQ,YATRA,,-1,1,,NSE,1,YATRA
18783,IDFNIFTYET-EQ,IDFNIFTYET,,-1,1,,NSE,1,IDFNIFTYET
18931,SUNDARAM-EQ,SUNDARAM,,-1,1,,NSE,1,SUNDARAM
19184,SFL-EQ,SFL,,-1,1,,NSE,5,SFL
1923,WEALTH-EQ,WEALTH,,-1,1,,NSE,5,WEALTH
19224,SENSEXETF-EQ,SENSEXETF,,-1,1,,NSE,1,SENSEXETF
19265,BLISSGVS-EQ,BLISSGVS,,-1,1,,NSE,1,BLISSGVS
19289,MOM50-EQ,MOM50,,-1,1,,NSE,1,MOM50
19438,AHLEAST-EQ,AHLEAST,,-1,1,,NSE,1,AHLEAST
1949,KSB-EQ,KSB,,-1,1,,NSE,5,KSB
19679,GOLDIETF-EQ,GOLDIETF,,-1,1,,NSE,1,GOLDIETF
19795,CELLO-EQ,CELLO,,-1,1,,NSE,5,CELLO
2004,AHLADA-EQ,AHLADA,,-1,1,,NSE,1,AHLADA
20072,INFRABEES-EQ,INFRABEES,,-1,1,,NSE,1,INFRABEES
201,UNIDT-EQ,UNIDT,,-1,1,,NSE,1,UNIDT
20110,GREENPOWER-EQ,GREENPOWER,,-1,1,,NSE,1,GREENPOWER
20134,RAMKY-EQ,RAMKY,,-1,1,,NSE,5,RAMKY
2028,LYKALABS-EQ,LYKALABS,,-1,1,,NSE,1,LYKALABS
2031,M&M-EQ,M&M,,-1,1,,NSE,10,M&M
20293,TATATECH-EQ,TATATECH,,-1,1,,NSE,5,TATATECH
20302,PRESTIGE-EQ,PRESTIGE,,-1,1,,NSE,10,PRESTIGE
20303,GANDHAR-EQ,GANDHAR,,-1,1,,NSE,1,GANDHAR
20372,FLAIR-EQ,FLAIR,,-1,1,,NSE,5,FLAIR
20374,COALINDIA-EQ,COALINDIA,,-1,1,,NSE,5,COALINDIA
2056,HOMEFIRST-EQ,HOMEFIRST,,-1,1,,NSE,10,HOMEFIRST
20616,SUPERHOUSE-EQ,SUPERHOUSE,,-1,1,,NSE,1,SUPERHOUSE
20854,HAPPYFORGE-EQ,HAPPYFORGE,,-1,1,,NSE,5,HAPPYFORGE
2112,MARALOVER-EQ,MARALOVER,,-1,1,,NSE,1,MARALOVER
21339,STEELXIND-EQ,STEELXIND,,-1,1,,NSE,1,STEELXIND
21428,TATSILV-EQ,TATSILV,,-1,1,,NSE,1,TATSILV
22344,ALPL30IETF-EQ,ALPL30IETF,,-1,1,,NSE,1,ALPL30IETF
22360,MCL-EQ,MCL,,-1,1,,NSE,1,MCL
22440,UTIBANKETF-EQ,UTIBANKETF,,-1,1,,NSE,1,UTIBANKETF
22592,HEALTHADD-EQ,HEALTHADD,,-1,1,,NSE,1,HEALTHADD
22595,HDFCPSUBK-EQ,HDFCPSUBK,,-1,1,,NSE,1,HDFCPSUBK
22649,PARKHOTELS-EQ,PARKHOTELS,,-1,1,,NSE,1,PARKHOTELS
22670,RPTECH-EQ,RPTECH,,-1,1,,NSE,5,RPTECH
2307,MUNJALSHOW-EQ,MUNJALSHOW,,-1,1,,NSE,1,MUNJALSHOW
23066,GOPAL-EQ,GOPAL,,-1,1,,NSE,5,GOPAL
23127,SCILAL-EQ,SCILAL,,-1,1,,NSE,1,SCILAL
23447,181NSETEST-EQ,181NSETEST,,-1,1,,NSE,5,181NSETEST
23480,SINCLAIR-EQ,SINCLAIR,,-1,1,,NSE,1,SINCLAIR
23489,BHARTIHEXA-EQ,BHARTIHEXA,,-1,1,,NSE,10,BHARTIHEXA
23650,MUTHOOTFIN-EQ,MUTHOOTFIN,,-1,1,,NSE,10,MUTHOOTFIN
24067,IXIGO-EQ,IXIGO,,-1,1,,NSE,1,IXIGO
24217,IVZINNIFTY-EQ,IVZINNIFTY,,-1,1,,NSE,1,IVZINNIFTY
24225,RELAXO-EQ,RELAXO,,-1,1,,NSE,5,RELAXO
24265,ESTER-EQ,ESTER,,-1,1,,NSE,1,ESTER
24386,BANSALWIRE-EQ,BANSALWIRE,,-1,1,,NSE,5,BANSALWIRE
24391,DELPHIFX-EQ,DELPHIFX,,-1,1,,NSE,1,DELPHIFX
24409,DHANUKA-EQ,DHANUKA,,-1,1,,NSE,10,DHANUKA
24461,EVINDIA-EQ,EVINDIA,,-1,1,,NSE,1,EVINDIA
24533,OILIETF-EQ,OILIETF,,-1,1,,NSE,1,OILIETF
24798,GROWWEV-EQ,GROWWEV,,-1,1,,NSE,1,GROWWEV
24861,METALIETF-EQ,METALIETF,,-1,1,,NSE,1,METALIETF
24961,ORIENTTECH-EQ,ORIENTTECH,,-1,1,,NSE,5,ORIENTTECH
25,ADANIENT-EQ,ADANIENT,,-1,1,,NSE,10,ADANIENT
18029,MBLINFRA-EQ,MBLINFRA,,-1,1,,NSE,1,MBLINFRA
18142,EMMBI-EQ,EMMBI,,-1,1,,NSE,1,EMMBI
18208,ORIENTLTD-EQ,ORIENTLTD,,-1,1,,NSE,1,ORIENTLTD
18279,HDFCLIQUID-EQ,HDFCLIQUID,,-1,1,,NSE,1,HDFCLIQUID
18292,IVZINGOLD-EQ,IVZINGOLD,,-1,1,,NSE,5,IVZINGOLD
18321,LGBBROSLTD-EQ,LGBBROSLTD,,-1,1,,NSE,10,LGBBROSLTD
18562,MITTAL-EQ,MITTAL,,-1,1,,NSE,1,MITTAL
18581,KIRLOSBROS-EQ,KIRLOSBROS,,-1,1,,NSE,10,KIRLOSBROS
18652,ICICIPRULI-EQ,ICICIPRULI,,-1,1,,NSE,5,ICICIPRULI
1901,CUMMINSIND-EQ,CUMMINSIND,,-1,1,,NSE,10,CUMMINSIND
19073,AARVI-EQ,AARVI,,-1,1,,NSE,1,AARVI
19097,SILLYMONKS-EQ,SILLYMONKS,,-1,1,,NSE,1,SILLYMONKS
19279,THEJO-EQ,THEJO,,-1,1,,NSE,10,THEJO
19205,HEADSUP-EQ,HEADSUP,,-1,1,,NSE,1,HEADSUP
19235,IMFA-EQ,IMFA,,-1,1,,NSE,5,IMFA
193,ARVIND-EQ,ARVIND,,-1,1,,NSE,5,ARVIND
19943,DEEPAKNTR-EQ,DEEPAKNTR,,-1,1,,NSE,10,DEEPAKNTR
20063,SASTASUNDR-EQ,SASTASUNDR,,-1,1,,NSE,5,SASTASUNDR
20182,ASHOKA-EQ,ASHOKA,,-1,1,,NSE,1,ASHOKA
20224,JWL-EQ,JWL,,-1,1,,NSE,5,JWL
203,ASHAPURMIN-EQ,ASHAPURMIN,,-1,1,,NSE,5,ASHAPURMIN
20323,RESPONIND-EQ,RESPONIND,,-1,1,,NSE,1,RESPONIND
20642,JINDWORLD-EQ,JINDWORLD,,-1,1,,NSE,1,JINDWORLD
20776,BHAGYANGR-EQ,BHAGYANGR,,-1,1,,NSE,1,BHAGYANGR
21334,JYOTICNC-EQ,JYOTICNC,,-1,1,,NSE,10,JYOTICNC
21478,UTINEXT50-EQ,UTINEXT50,,-1,1,,NSE,1,UTINEXT50
21690,DIXON-EQ,DIXON,,-1,1,,NSE,100,DIXON
22,ACC-EQ,ACC,,-1,1,,NSE,10,ACC
2202,MIRCELECTR-EQ,MIRCELECTR,,-1,1,,NSE,1,MIRCELECTR
22255,NDRAUTO-EQ,NDRAUTO,,-1,1,,NSE,5,NDRAUTO
22423,TOTAL-EQ,TOTAL,,-1,1,,NSE,1,TOTAL
22602,PFS-EQ,PFS,,-1,1,,NSE,1,PFS
22656,SIGNPOST-EQ,SIGNPOST,,-1,1,,NSE,1,SIGNPOST
22717,ENTERO-EQ,ENTERO,,-1,1,,NSE,10,ENTERO
22824,JUNIPER-EQ,JUNIPER,,-1,1,,NSE,5,JUNIPER
22980,MUKKA-EQ,MUKKA,,-1,1,,NSE,1,MUKKA
2313,MURUDCERA-EQ,MURUDCERA,,-1,1,,NSE,1,MURUDCERA
2316,HEIDELBERG-EQ,HEIDELBERG,,-1,1,,NSE,1,HEIDELBERG
2331,JAYNECOIND-EQ,JAYNECOIND,,-1,1,,NSE,1,JAYNECOIND
23407,LIQUIDADD-EQ,LIQUIDADD,,-1,1,,NSE,1,LIQUIDADD
23446,171NSETEST-EQ,171NSETEST,,-1,1,,NSE,5,171NSETEST
23693,INDGN-EQ,INDGN,,-1,1,,NSE,5,INDGN
23864,AWFIS-EQ,AWFIS,,-1,1,,NSE,5,AWFIS
24117,BBNPNBETF-EQ,BBNPNBETF,,-1,1,,NSE,1,BBNPNBETF
24538,MAITHANALL-EQ,MAITHANALL,,-1,1,,NSE,10,MAITHANALL
24582,SANSTAR-EQ,SANSTAR,,-1,1,,NSE,1,SANSTAR
2472,OILCOUNTUB-EQ,OILCOUNTUB,,-1,1,,NSE,1,OILCOUNTUB
24856,SSDL-EQ,SSDL,,-1,1,,NSE,1,SSDL
1250,CASTROLIND-EQ,CASTROLIND,,-1,1,,NSE,1,CASTROLIND
1267,GUJALKALI-EQ,GUJALKALI,,-1,1,,NSE,5,GUJALKALI
12848,N1NSETEST-EQ,N1NSETEST,,-1,1,,NSE,5,N1NSETEST
13126,REPRO-EQ,REPRO,,-1,1,,NSE,5,REPRO
13192,ENIL-EQ,ENIL,,-1,1,,NSE,1,ENIL
13198,COMMOIETF-EQ,COMMOIETF,,-1,1,,NSE,1,COMMOIETF
13332,SOLARINDS-EQ,SOLARINDS,,-1,1,,NSE,100,SOLARINDS
13404,SUNTV-EQ,SUNTV,,-1,1,,NSE,5,SUNTV
13496,PFOCUS-EQ,PFOCUS,,-1,1,,NSE,1,PFOCUS
13522,NECCLTD-EQ,NECCLTD,,-1,1,,NSE,1,NECCLTD
1360,HIMATSEIDE-EQ,HIMATSEIDE,,-1,1,,NSE,1,HIMATSEIDE
13580,RADIANTCMS-EQ,RADIANTCMS,,-1,1,,NSE,1,RADIANTCMS
13637,JMFINANCIL-EQ,JMFINANCIL,,-1,1,,NSE,1,JMFINANCIL
13761,BBL-EQ,BBL,,-1,1,,NSE,10,BBL
13786,TORNTPOWER-EQ,TORNTPOWER,,-1,1,,NSE,10,TORNTPOWER
13810,GREENPANEL-EQ,GREENPANEL,,-1,1,,NSE,5,GREENPANEL
13950,LIQUID1-EQ,LIQUID1,,-1,1,,NSE,1,LIQUID1
14003,ZEEMEDIA-EQ,ZEEMEDIA,,-1,1,,NSE,1,ZEEMEDIA
14304,FSL-EQ,FSL,,-1,1,,NSE,5,FSL
14339,GANESHHOUC-EQ,GANESHHOUC,,-1,1,,NSE,10,GANESHHOUC
14361,APOLLOPIPE-EQ,APOLLOPIPE,,-1,1,,NSE,5,APOLLOPIPE
14428,GOLDBEES-EQ,GOLDBEES,,-1,1,,NSE,1,GOLDBEES
14450,EMBDL-EQ,EMBDL,,-1,1,,NSE,1,EMBDL
14518,ABSLLIQUID-EQ,ABSLLIQUID,,-1,1,,NSE,1,ABSLLIQUID
14567,BFUTILITIE-EQ,BFUTILITIE,,-1,1,,NSE,5,BFUTILITIE
14758,051NSETEST-EQ,051NSETEST,,-1,1,,NSE,5,051NSETEST
14769,091NSETEST-EQ,091NSETEST,,-1,1,,NSE,5,091NSETEST
14777,121NSETEST-EQ,121NSETEST,,-1,1,,NSE,5,121NSETEST
14858,GOLD1-EQ,GOLD1,,-1,1,,NSE,1,GOLD1
14871,USK-EQ,USK,,-1,1,,NSE,1,USK
14938,GSEC10YEAR-EQ,GSEC10YEAR,,-1,1,,NSE,1,GSEC10YEAR
1494,RBA-EQ,RBA,,-1,1,,NSE,1,RBA
14952,INDOWIND-EQ,INDOWIND,,-1,1,,NSE,1,INDOWIND
14966,CSBBANK-EQ,CSBBANK,,-1,1,,NSE,5,CSBBANK
1497,SHIVAMILLS-EQ,SHIVAMILLS,,-1,1,,NSE,1,SHIVAMILLS
14982,CENTUM-EQ,CENTUM,,-1,1,,NSE,10,CENTUM
15032,PSUBNKBEES-EQ,PSUBNKBEES,,-1,1,,NSE,1,PSUBNKBEES
15184,BRIGADE-EQ,BRIGADE,,-1,1,,NSE,10,BRIGADE
15229,LICNFNHGP-EQ,LICNFNHGP,,-1,1,,NSE,1,LICNFNHGP
154,APCOTEXIND-EQ,APCOTEXIND,,-1,1,,NSE,5,APCOTEXIND
15384,DHANI-EQ,DHANI,,-1,1,,NSE,1,DHANI
1621,TATAINVEST-EQ,TATAINVEST,,-1,1,,NSE,50,TATAINVEST
16253,EBBETF0430-EQ,EBBETF0430,,-1,1,,NSE,1,EBBETF0430
17044,SHARIABEES-EQ,SHARIABEES,,-1,1,,NSE,1,SHARIABEES
1720,JAYSREETEA-EQ,JAYSREETEA,,-1,1,,NSE,1,JAYSREETEA
1726,JBCHEPHARM-EQ,JBCHEPHARM,,-1,1,,NSE,10,JBCHEPHARM
17424,GLOBUSSPR-EQ,GLOBUSSPR,,-1,1,,NSE,5,GLOBUSSPR
17547,AMRUTANJAN-EQ,AMRUTANJAN,,-1,1,,NSE,5,AMRUTANJAN
1756,JINDALPOLY-EQ,JINDALPOLY,,-1,1,,NSE,5,JINDALPOLY
17635,ZYDUSWELL-EQ,ZYDUSWELL,,-1,1,,NSE,10,ZYDUSWELL
17685,GPTINFRA-EQ,GPTINFRA,,-1,1,,NSE,1,GPTINFRA
17675,ALOKINDS-EQ,ALOKINDS,,-1,1,,NSE,1,ALOKINDS
17702,MIDSELIETF-EQ,MIDSELIETF,,-1,1,,NSE,1,MIDSELIETF
17728,ASTEC-EQ,ASTEC,,-1,1,,NSE,5,ASTEC
17747,NIITMTS-EQ,NIITMTS,,-1,1,,NSE,5,NIITMTS
17794,SOMICONVEY-EQ,SOMICONVEY,,-1,1,,NSE,1,SOMICONVEY
17795,TREL-EQ,TREL,,-1,1,,NSE,1,TREL
17833,AHLUCONT-EQ,AHLUCONT,,-1,1,,NSE,5,AHLUCONT
17839,GILLANDERS-EQ,GILLANDERS,,-1,1,,NSE,1,GILLANDERS
17851,DLINKINDIA-EQ,DLINKINDIA,,-1,1,,NSE,5,DLINKINDIA
17957,MMTC-EQ,MMTC,,-1,1,,NSE,1,MMTC
17987,TRF-EQ,TRF,,-1,1,,NSE,5,TRF
18026,SBFC-EQ,SBFC,,-1,1,,NSE,1,SBFC
18124,DBREALTY-EQ,DBREALTY,,-1,1,,NSE,1,DBREALTY
1838,KARURVYSYA-EQ,KARURVYSYA,,-1,1,,NSE,1,KARURVYSYA
18520,CUPID-EQ,CUPID,,-1,1,,NSE,1,CUPID
18564,LTTS-EQ,LTTS,,-1,1,,NSE,10,LTTS
18883,SJVN-EQ,SJVN,,-1,1,,NSE,1,SJVN
18908,PNBHOUSING-EQ,PNBHOUSING,,-1,1,,NSE,10,PNBHOUSING
18944,KINGFA-EQ,KINGFA,,-1,1,,NSE,10,KINGFA
18977,UNIVASTU-EQ,UNIVASTU,,-1,1,,NSE,1,UNIVASTU
19015,MVGJL-EQ,MVGJL,,-1,1,,NSE,1,MVGJL
19084,ITBEES-EQ,ITBEES,,-1,1,,NSE,1,ITBEES
1927,LIQUIDETF-EQ,LIQUIDETF,,-1,1,,NSE,1,LIQUIDETF
19299,ITDC-EQ,ITDC,,-1,1,,NSE,5,ITDC
19401,BOROLTD-EQ,BOROLTD,,-1,1,,NSE,5,BOROLTD
19578,UGARSUGAR-EQ,UGARSUGAR,,-1,1,,NSE,1,UGARSUGAR
19599,PRAKASHSTL-EQ,PRAKASHSTL,,-1,1,,NSE,1,PRAKASHSTL
19761,ADFFOODS-EQ,ADFFOODS,,-1,1,,NSE,1,ADFFOODS
19931,ORISSAMINE-EQ,ORISSAMINE,,-1,1,,NSE,50,ORISSAMINE
20071,INTENTECH-EQ,INTENTECH,,-1,1,,NSE,1,INTENTECH
20092,TASTYBITE-EQ,TASTYBITE,,-1,1,,NSE,100,TASTYBITE
20196,BEDMUTHA-EQ,BEDMUTHA,,-1,1,,NSE,1,BEDMUTHA
20242,OBEROIRLTY-EQ,OBEROIRLTY,,-1,1,,NSE,10,OBEROIRLTY
20329,CGCL-EQ,CGCL,,-1,1,,NSE,1,CGCL
20413,IOLCP-EQ,IOLCP,,-1,1,,NSE,1,IOLCP
20698,SCHAND-EQ,SCHAND,,-1,1,,NSE,1,SCHAND
20830,MOIL-EQ,MOIL,,-1,1,,NSE,5,MOIL
20877,PSPPROJECT-EQ,PSPPROJECT,,-1,1,,NSE,5,PSPPROJECT
20878,MUFTI-EQ,MUFTI,,-1,1,,NSE,1,MUFTI
20905,AZAD-EQ,AZAD,,-1,1,,NSE,10,AZAD
2106,MANGLMCEM-EQ,MANGLMCEM,,-1,1,,NSE,5,MANGLMCEM
21195,GTPL-EQ,GTPL,,-1,1,,NSE,1,GTPL
21469,OPTIEMUS-EQ,OPTIEMUS,,-1,1,,NSE,5,OPTIEMUS
21551,SMSLIFE-EQ,SMSLIFE,,-1,1,,NSE,10,SMSLIFE
21840,DIAMONDYD-EQ,DIAMONDYD,,-1,1,,NSE,10,DIAMONDYD
22428,MAXIND-EQ,MAXIND,,-1,1,,NSE,1,MAXIND
2259,MOREPENLAB-EQ,MOREPENLAB,,-1,1,,NSE,1,MOREPENLAB
22675,CAPITALSFB-EQ,CAPITALSFB,,-1,1,,NSE,5,CAPITALSFB
2277,MRF-EQ,MRF,,-1,1,,NSE,500,MRF
2289,HLEGLAS-EQ,HLEGLAS,,-1,1,,NSE,5,HLEGLAS
23027,LANCORHOL-EQ,LANCORHOL,,-1,1,,NSE,1,LANCORHOL
2319,NCC-EQ,NCC,,-1,1,,NSE,1,NCC
23553,AIIL-EQ,AIIL,,-1,1,,NSE,10,AIIL
23647,FILATFASH-EQ,FILATFASH,,-1,1,,NSE,1,FILATFASH
23740,TBOTEK-EQ,TBOTEK,,-1,1,,NSE,10,TBOTEK
24081,TOP100CASE-EQ,TOP100CASE,,-1,1,,NSE,1,TOP100CASE
24190,SYMPHONY-EQ,SYMPHONY,,-1,1,,NSE,10,SYMPHONY
24524,SBINEQWETF-EQ,SBINEQWETF,,-1,1,,NSE,1,SBINEQWETF
24715,AKUMS-EQ,AKUMS,,-1,1,,NSE,5,AKUMS
24742,CEIGALL-EQ,CEIGALL,,-1,1,,NSE,1,CEIGALL
2493,ORIENTHOT-EQ,ORIENTHOT,,-1,1,,NSE,1,ORIENTHOT
25017,BODALCHEM-EQ,BODALCHEM,,-1,1,,NSE,1,BODALCHEM
25270,BAJAJHFL-EQ,BAJAJHFL,,-1,1,,NSE,1,BAJAJHFL
25447,GROWWLIQID-EQ,GROWWLIQID,,-1,1,,NSE,1,GROWWLIQID
25643,KRN-EQ,KRN,,-1,1,,NSE,5,KRN
25684,JISLDVREQS-EQ,JISLDVREQS,,-1,1,,NSE,1,JISLDVREQS
2643,PFIZER-EQ,PFIZER,,-1,1,,NSE,50,PFIZER
2705,PRAJIND-EQ,PRAJIND,,-1,1,,NSE,5,PRAJIND
27037,TBZ-EQ,TBZ,,-1,1,,NSE,1,TBZ
27839,SAILIFE-EQ,SAILIFE,,-1,1,,NSE,5,SAILIFE
2837,RANASUG-EQ,RANASUG,,-1,1,,NSE,1,RANASUG
2859,RAYMOND-EQ,RAYMOND,,-1,1,,NSE,5,RAYMOND
28378,IGIL-EQ,IGIL,,-1,1,,NSE,5,IGIL
2866,RCF-EQ,RCF,,-1,1,,NSE,1,RCF
28888,SENORES-EQ,SENORES,,-1,1,,NSE,5,SENORES
29098,DDEVPLSTIK-EQ,DDEVPLSTIK,,-1,1,,NSE,5,DDEVPLSTIK
29439,SUPREME-EQ,SUPREME,,-1,1,,NSE,1,SUPREME
29527,GROWWRAIL-EQ,GROWWRAIL,,-1,1,,NSE,1,GROWWRAIL
2970,SURYODAY-EQ,SURYODAY,,-1,1,,NSE,1,SURYODAY
30108,ABFRL-EQ,ABFRL,,-1,1,,NSE,1,ABFRL
30274,SILVERCASE-EQ,SILVERCASE,,-1,1,,NSE,1,SILVERCASE
30469,MID150-EQ,MID150,,-1,1,,NSE,1,MID150
31181,MCX-EQ,MCX,,-1,1,,NSE,50,MCX
3363,SUPREMEIND-EQ,SUPREMEIND,,-1,1,,NSE,10,SUPREMEIND
3387,SMLISUZU-EQ,SMLISUZU,,-1,1,,NSE,10,SMLISUZU
342,CAMS-EQ,CAMS,,-1,1,,NSE,10,CAMS
3426,TATAPOWER-EQ,TATAPOWER,,-1,1,,NSE,5,TATAPOWER
3499,TATASTEEL-EQ,TATASTEEL,,-1,1,,NSE,1,TATASTEEL
3607,UNIVCABLES-EQ,UNIVCABLES,,-1,1,,NSE,5,UNIVCABLES
3724,VSTIND-EQ,VSTIND,,-1,1,,NSE,5,VSTIND
3727,ANMOL-EQ,ANMOL,,-1,1,,NSE,1,ANMOL
3744,FINEORG-EQ,FINEORG,,-1,1,,NSE,10,FINEORG
3772,WILLAMAGOR-EQ,WILLAMAGOR,,-1,1,,NSE,1,WILLAMAGOR
3908,PREMIERPOL-EQ,PREMIERPOL,,-1,1,,NSE,1,PREMIERPOL
3987,GREENPLY-EQ,GREENPLY,,-1,1,,NSE,5,GREENPLY
4041,JAYAGROGN-EQ,JAYAGROGN,,-1,1,,NSE,5,JAYAGROGN
471,OSWALGREEN-EQ,OSWALGREEN,,-1,1,,NSE,1,OSWALGREEN
4487,ALKYLAMINE-EQ,ALKYLAMINE,,-1,1,,NSE,10,ALKYLAMINE
4822,DODLA-EQ,DODLA,,-1,1,,NSE,10,DODLA
4847,KIMS-EQ,KIMS,,-1,1,,NSE,5,KIMS
4934,IPL-EQ,IPL,,-1,1,,NSE,1,IPL
4953,ADROITINFO-EQ,ADROITINFO,,-1,1,,NSE,1,ADROITINFO
5142,CIGNITITEC-EQ,CIGNITITEC,,-1,1,,NSE,10,CIGNITITEC
5239,MAHAPEXLTD-EQ,MAHAPEXLTD,,-1,1,,NSE,1,MAHAPEXLTD
5264,PDSL-EQ,PDSL,,-1,1,,NSE,5,PDSL
5279,ROLEXRINGS-EQ,ROLEXRINGS,,-1,1,,NSE,10,ROLEXRINGS
5373,DEVYANI-EQ,DEVYANI,,-1,1,,NSE,1,DEVYANI
5407,CARTRADE-EQ,CARTRADE,,-1,1,,NSE,10,CARTRADE
5428,TRIGYN-EQ,TRIGYN,,-1,1,,NSE,1,TRIGYN
5475,GRSE-EQ,GRSE,,-1,1,,NSE,10,GRSE
5610,ASTRAZEN-EQ,ASTRAZEN,,-1,1,,NSE,50,ASTRAZEN
5732,AXISCETF-EQ,AXISCETF,,-1,1,,NSE,1,AXISCETF
5851,BANKNIFTY1-EQ,BANKNIFTY1,,-1,1,,NSE,1,BANKNIFTY1
5926,INTELLECT-EQ,INTELLECT,,-1,1,,NSE,10,INTELLECT
625,ABREL-EQ,ABREL,,-1,1,,NSE,10,ABREL
6385,CCHHL-EQ,CCHHL,,-1,1,,NSE,1,CCHHL
6489,IRIS-EQ,IRIS,,-1,1,,NSE,5,IRIS
6543,GRPLTD-EQ,GRPLTD,,-1,1,,NSE,10,GRPLTD
6545,NYKAA-EQ,NYKAA,,-1,1,,NSE,1,NYKAA
6568,LAXMICOT-EQ,LAXMICOT,,-1,1,,NSE,1,LAXMICOT
6596,SONATSOFTW-EQ,SONATSOFTW,,-1,1,,NSE,5,SONATSOFTW
6600,GENUSPAPER-EQ,GENUSPAPER,,-1,1,,NSE,1,GENUSPAPER
6643,SJS-EQ,SJS,,-1,1,,NSE,10,SJS
6663,SIGACHI-EQ,SIGACHI,,-1,1,,NSE,1,SIGACHI
6713,MOLDTKPAC-EQ,MOLDTKPAC,,-1,1,,NSE,5,MOLDTKPAC
6913,RPPL-EQ,RPPL,,-1,1,,NSE,1,RPPL
7109,JMA-EQ,JMA,,-1,1,,NSE,1,JMA
740,SBIETFIT-EQ,SBIETFIT,,-1,1,,NSE,1,SBIETFIT
7390,SUPRIYA-EQ,SUPRIYA,,-1,1,,NSE,5,SUPRIYA
7451,NIFTY50ADD-EQ,NIFTY50ADD,,-1,1,,NSE,1,NIFTY50ADD
756827,GROWWSLVR-EQ,GROWWSLVR,,-1,1,,NSE,1,GROWWSLVR
756925,PRIMO-EQ,PRIMO,,-1,1,,NSE,1,PRIMO
757,CRISIL-EQ,CRISIL,,-1,1,,NSE,50,CRISIL
7844,AUTOIETF-EQ,AUTOIETF,,-1,1,,NSE,1,AUTOIETF
7902,LFIC-EQ,LFIC,,-1,1,,NSE,1,LFIC
7979,MAKEINDIA-EQ,MAKEINDIA,,-1,1,,NSE,1,MAKEINDIA
8003,SILVER-EQ,SILVER,,-1,1,,NSE,1,SILVER
8119,RPSGVENT-EQ,RPSGVENT,,-1,1,,NSE,5,RPSGVENT
8124,AJANTPHARM-EQ,AJANTPHARM,,-1,1,,NSE,10,AJANTPHARM
857,DHAMPURSUG-EQ,DHAMPURSUG,,-1,1,,NSE,1,DHAMPURSUG
8614,INDOBORAX-EQ,INDOBORAX,,-1,1,,NSE,1,INDOBORAX
8840,USHAMART-EQ,USHAMART,,-1,1,,NSE,5,USHAMART
8842,UMAEXPORTS-EQ,UMAEXPORTS,,-1,1,,NSE,1,UMAEXPORTS
8953,ELDEHSG-EQ,ELDEHSG,,-1,1,,NSE,5,ELDEHSG
9087,PIXTRANS-EQ,PIXTRANS,,-1,1,,NSE,10,PIXTRANS
9288,KRITIKA-EQ,KRITIKA,,-1,1,,NSE,1,KRITIKA
9362,CAMPUS-EQ,CAMPUS,,-1,1,,NSE,5,CAMPUS
9599,DELHIVERY-EQ,DELHIVERY,,-1,1,,NSE,5,DELHIVERY
2496,ORIENTPPR-EQ,ORIENTPPR,,-1,1,,NSE,1,ORIENTPPR
25080,MULTICAP-EQ,MULTICAP,,-1,1,,NSE,1,MULTICAP
25114,STYLEBAAZA-EQ,STYLEBAAZA,,-1,1,,NSE,5,STYLEBAAZA
25178,TDPOWERSYS-EQ,TDPOWERSYS,,-1,1,,NSE,5,TDPOWERSYS
25584,TRITURBINE-EQ,TRITURBINE,,-1,1,,NSE,5,TRITURBINE
25597,MANBA-EQ,MANBA,,-1,1,,NSE,1,MANBA
25672,DIFFNKG-EQ,DIFFNKG,,-1,1,,NSE,5,DIFFNKG
25780,APLAPOLLO-EQ,APLAPOLLO,,-1,1,,NSE,10,APLAPOLLO
25907,WAAREEENER-EQ,WAAREEENER,,-1,1,,NSE,10,WAAREEENER
2610,PEARLPOLY-EQ,PEARLPOLY,,-1,1,,NSE,1,PEARLPOLY
2627,IT-EQ,IT,,-1,1,,NSE,1,IT
27008,HEXATRADEX-EQ,HEXATRADEX,,-1,1,,NSE,1,HEXATRADEX
2717,PRECWIRE-EQ,PRECWIRE,,-1,1,,NSE,1,PRECWIRE
2799,CHEMFAB-EQ,CHEMFAB,,-1,1,,NSE,5,CHEMFAB
27969,VMM-EQ,VMM,,-1,1,,NSE,1,VMM
2829,ANURAS-EQ,ANURAS,,-1,1,,NSE,10,ANURAS
28879,CARRARO-EQ,CARRARO,,-1,1,,NSE,5,CARRARO
29050,ZUARI-EQ,ZUARI,,-1,1,,NSE,1,ZUARI
2912,RIIL-EQ,RIIL,,-1,1,,NSE,5,RIIL
29464,NEXT30ADD-EQ,NEXT30ADD,,-1,1,,NSE,1,NEXT30ADD
29472,PROTEAN-EQ,PROTEAN,,-1,1,,NSE,5,PROTEAN
2955,KALYANKJIL-EQ,KALYANKJIL,,-1,1,,NSE,5,KALYANKJIL
3001,BSE500IETF-EQ,BSE500IETF,,-1,1,,NSE,1,BSE500IETF
30023,ATULAUTO-EQ,ATULAUTO,,-1,1,,NSE,5,ATULAUTO
3009,KOHINOOR-EQ,KOHINOOR,,-1,1,,NSE,1,KOHINOOR
30125,SAMMAANCAP-EQ,SAMMAANCAP,,-1,1,,NSE,1,SAMMAANCAP
3022,SDL26BEES-EQ,SDL26BEES,,-1,1,,NSE,1,SDL26BEES
3024,JINDALSAW-EQ,JINDALSAW,,-1,1,,NSE,1,JINDALSAW
305,BAJAJHLDNG-EQ,BAJAJHLDNG,,-1,1,,NSE,100,BAJAJHLDNG
30472,AONELIQUID-EQ,AONELIQUID,,-1,1,,NSE,1,AONELIQUID
3088,INDOSTAR-EQ,INDOSTAR,,-1,1,,NSE,5,INDOSTAR
31138,COMPUSOFT-EQ,COMPUSOFT,,-1,1,,NSE,1,COMPUSOFT
312,TIINDIA-EQ,TIINDIA,,-1,1,,NSE,10,TIINDIA
31475,ORBTEXP-EQ,ORBTEXP,,-1,1,,NSE,1,ORBTEXP
3186,SKFINDIA-EQ,SKFINDIA,,-1,1,,NSE,10,SKFINDIA
3273,SRF-EQ,SRF,,-1,1,,NSE,10,SRF
335,BALKRISIND-EQ,BALKRISIND,,-1,1,,NSE,10,BALKRISIND
3512,TNTELE-EQ,TNTELE,,-1,1,,NSE,1,TNTELE
3570,UCAL-EQ,UCAL,,-1,1,,NSE,1,UCAL
359,ROML-EQ,ROML,,-1,1,,NSE,1,ROML
368,BASF-EQ,BASF,,-1,1,,NSE,50,BASF
3579,UNICHEMLAB-EQ,UNICHEMLAB,,-1,1,,NSE,5,UNICHEMLAB
3676,VESUVIUS-EQ,VESUVIUS,,-1,1,,NSE,50,VESUVIUS
3837,TOKYOPLAST-EQ,TOKYOPLAST,,-1,1,,NSE,1,TOKYOPLAST
393,GLOBE-EQ,GLOBE,,-1,1,,NSE,1,GLOBE
3980,TNPL-EQ,TNPL,,-1,1,,NSE,1,TNPL
4007,CORALFINAC-EQ,CORALFINAC,,-1,1,,NSE,1,CORALFINAC
4040,EIMCOELECO-EQ,EIMCOELECO,,-1,1,,NSE,10,EIMCOELECO
4127,SAMBHAAV-EQ,SAMBHAAV,,-1,1,,NSE,1,SAMBHAAV
4184,SANGAMIND-EQ,SANGAMIND,,-1,1,,NSE,5,SANGAMIND
4594,KOTHARIPET-EQ,KOTHARIPET,,-1,1,,NSE,1,KOTHARIPET
4693,SHYAMMETL-EQ,SHYAMMETL,,-1,1,,NSE,5,SHYAMMETL
4717,GAIL-EQ,GAIL,,-1,1,,NSE,1,GAIL
4747,INDNIPPON-EQ,INDNIPPON,,-1,1,,NSE,5,INDNIPPON
4809,KCPSUGIND-EQ,KCPSUGIND,,-1,1,,NSE,1,KCPSUGIND
4838,LIQUIDIETF-EQ,LIQUIDIETF,,-1,1,,NSE,1,LIQUIDIETF
4892,SAREGAMA-EQ,SAREGAMA,,-1,1,,NSE,5,SAREGAMA
4992,SHARDACROP-EQ,SHARDACROP,,-1,1,,NSE,5,SHARDACROP
5114,SGIL-EQ,SGIL,,-1,1,,NSE,5,SGIL
5143,JAICORPLTD-EQ,JAICORPLTD,,-1,1,,NSE,1,JAICORPLTD
5162,TATVA-EQ,TATVA,,-1,1,,NSE,5,TATVA
530,BPL-EQ,BPL,,-1,1,,NSE,1,BPL
5633,J&KBANK-EQ,J&KBANK,,-1,1,,NSE,1,J&KBANK
5748,CYIENT-EQ,CYIENT,,-1,1,,NSE,10,CYIENT
6040,EIFFL-EQ,EIFFL,,-1,1,,NSE,1,EIFFL
6045,PASUPTAC-EQ,PASUPTAC,,-1,1,,NSE,1,PASUPTAC
634,IGARASHI-EQ,IGARASHI,,-1,1,,NSE,5,IGARASHI
641,DNAMEDIA-EQ,DNAMEDIA,,-1,1,,NSE,1,DNAMEDIA
6407,LAMBODHARA-EQ,LAMBODHARA,,-1,1,,NSE,1,LAMBODHARA
6782,NIPPOBATRY-EQ,NIPPOBATRY,,-1,1,,NSE,5,NIPPOBATRY
6943,TARSONS-EQ,TARSONS,,-1,1,,NSE,5,TARSONS
6973,DMCC-EQ,DMCC,,-1,1,,NSE,5,DMCC
701,HEMIPROP-EQ,HEMIPROP,,-1,1,,NSE,1,HEMIPROP
703,DICIND-EQ,DICIND,,-1,1,,NSE,5,DICIND
7016,SHIVALIK-EQ,SHIVALIK,,-1,1,,NSE,5,SHIVALIK
714,SHALBY-EQ,SHALBY,,-1,1,,NSE,1,SHALBY
7211,JETFREIGHT-EQ,JETFREIGHT,,-1,1,,NSE,1,JETFREIGHT
7339,ABSLNN50ET-EQ,ABSLNN50ET,,-1,1,,NSE,1,ABSLNN50ET
7361,SETFNIFBK-EQ,SETFNIFBK,,-1,1,,NSE,1,SETFNIFBK
7406,GLENMARK-EQ,GLENMARK,,-1,1,,NSE,10,GLENMARK
742,COSMOFIRST-EQ,COSMOFIRST,,-1,1,,NSE,10,COSMOFIRST
7422,MONQ50-EQ,MONQ50,,-1,1,,NSE,1,MONQ50
7560,UNITEDPOLY-EQ,UNITEDPOLY,,-1,1,,NSE,1,UNITEDPOLY
756015,CIFL-EQ,CIFL,,-1,1,,NSE,1,CIFL
756802,OSWALPUMPS-EQ,OSWALPUMPS,,-1,1,,NSE,5,OSWALPUMPS
757431,MOPSE-EQ,MOPSE,,-1,1,,NSE,1,MOPSE
757919,BORANA-EQ,BORANA,,-1,1,,NSE,1,BORANA
758173,PROSTARM-EQ,PROSTARM,,-1,1,,NSE,1,PROSTARM
7627,SHREERAMA-EQ,SHREERAMA,,-1,1,,NSE,1,SHREERAMA
7852,INOXWIND-EQ,INOXWIND,,-1,1,,NSE,1,INOXWIND
7862,GEPIL-EQ,GEPIL,,-1,1,,NSE,5,GEPIL
8080,SILVERBEES-EQ,SILVERBEES,,-1,1,,NSE,1,SILVERBEES
8167,MANYAVAR-EQ,MANYAVAR,,-1,1,,NSE,5,MANYAVAR
8510,GATEWAY-EQ,GATEWAY,,-1,1,,NSE,1,GATEWAY
913,EQUITASBNK-EQ,EQUITASBNK,,-1,1,,NSE,1,EQUITASBNK
926,ORCHPHARMA-EQ,ORCHPHARMA,,-1,1,,NSE,5,ORCHPHARMA
9253,NILAINFRA-EQ,NILAINFRA,,-1,1,,NSE,1,NILAINFRA
9348,IOB-EQ,IOB,,-1,1,,NSE,1,IOB
9385,PNCINFRA-EQ,PNCINFRA,,-1,1,,NSE,5,PNCINFRA
9422,SILVERTUC-EQ,SILVERTUC,,-1,1,,NSE,5,SILVERTUC
9750,ETHOSLTD-EQ,ETHOSLTD,,-1,1,,NSE,10,ETHOSLTD
9810,AETHER-EQ,AETHER,,-1,1,,NSE,5,AETHER
9819,HAVELLS-EQ,HAVELLS,,-1,1,,NSE,10,HAVELLS
9897,AIRAN-EQ,AIRAN,,-1,1,,NSE,1,AIRAN
25262,TOLINS-EQ,TOLINS,,-1,1,,NSE,1,TOLINS
25340,VASWANI-EQ,VASWANI,,-1,1,,NSE,1,VASWANI
25468,PAISALO-EQ,PAISALO,,-1,1,,NSE,1,PAISALO
25786,KANANIIND-EQ,KANANIIND,,-1,1,,NSE,1,KANANIIND
25897,MINDACORP-EQ,MINDACORP,,-1,1,,NSE,5,MINDACORP
263,ATUL-EQ,ATUL,,-1,1,,NSE,50,ATUL
2664,PIDILITIND-EQ,PIDILITIND,,-1,1,,NSE,10,PIDILITIND
270,CHEMCON-EQ,CHEMCON,,-1,1,,NSE,1,CHEMCON
27075,LIQUIDPLUS-EQ,LIQUIDPLUS,,-1,1,,NSE,1,LIQUIDPLUS
27095,SWANENERGY-EQ,SWANENERGY,,-1,1,,NSE,5,SWANENERGY
27144,BLACKBUCK-EQ,BLACKBUCK,,-1,1,,NSE,5,BLACKBUCK
2716,BUTTERFLY-EQ,BUTTERFLY,,-1,1,,NSE,5,BUTTERFLY
27303,SAMPANN-EQ,SAMPANN,,-1,1,,NSE,1,SAMPANN
28859,PROZONER-EQ,PROZONER,,-1,1,,NSE,1,PROZONER
29251,ITCHOTELS-EQ,ITCHOTELS,,-1,1,,NSE,1,ITCHOTELS
29423,MOHITIND-EQ,MOHITIND,,-1,1,,NSE,1,MOHITIND
29452,AGARWALEYE-EQ,AGARWALEYE,,-1,1,,NSE,5,AGARWALEYE
29598,REPCOHOME-EQ,REPCOHOME,,-1,1,,NSE,5,REPCOHOME
2987,NAZARA-EQ,NAZARA,,-1,1,,NSE,10,NAZARA
29877,VIVIDHA-EQ,VIVIDHA,,-1,1,,NSE,1,VIVIDHA
30089,ORIENTCEM-EQ,ORIENTCEM,,-1,1,,NSE,5,ORIENTCEM
308,BAJAJHIND-EQ,BAJAJHIND,,-1,1,,NSE,1,BAJAJHIND
3078,SHANTIGEAR-EQ,SHANTIGEAR,,-1,1,,NSE,5,SHANTIGEAR
3138,HONDAPOWER-EQ,HONDAPOWER,,-1,1,,NSE,10,HONDAPOWER
31107,DBSTOCKBRO-EQ,DBSTOCKBRO,,-1,1,,NSE,1,DBSTOCKBRO
31258,NDL-EQ,NDL,,-1,1,,NSE,1,NDL
317,BAJFINANCE-EQ,BAJFINANCE,,-1,1,,NSE,50,BAJFINANCE
3149,BORORENEW-EQ,BORORENEW,,-1,1,,NSE,5,BORORENEW
3324,SUBROS-EQ,SUBROS,,-1,1,,NSE,5,SUBROS
347,BANARBEADS-EQ,BANARBEADS,,-1,1,,NSE,1,BANARBEADS
3327,SUDARSCHEM-EQ,SUDARSCHEM,,-1,1,,NSE,10,SUDARSCHEM
3375,SURYAROSNI-EQ,SURYAROSNI,,-1,1,,NSE,5,SURYAROSNI
3403,AJOONI-EQ,AJOONI,,-1,1,,NSE,1,AJOONI
3586,MOKSH-EQ,MOKSH,,-1,1,,NSE,1,MOKSH
3703,VIPIND-EQ,VIPIND,,-1,1,,NSE,5,VIPIND
380,BBTC-EQ,BBTC,,-1,1,,NSE,10,BBTC
3787,WIPRO-EQ,WIPRO,,-1,1,,NSE,1,WIPRO
40,AEGISLOG-EQ,AEGISLOG,,-1,1,,NSE,5,AEGISLOG
3827,ZUARIIND-EQ,ZUARIIND,,-1,1,,NSE,5,ZUARIIND
4116,HBSL-EQ,HBSL,,-1,1,,NSE,1,HBSL
436,IFGLEXPOR-EQ,IFGLEXPOR,,-1,1,,NSE,5,IFGLEXPOR
4279,DENORA-EQ,DENORA,,-1,1,,NSE,5,DENORA
4503,MPHASIS-EQ,MPHASIS,,-1,1,,NSE,10,MPHASIS
474,3MINDIA-EQ,3MINDIA,,-1,1,,NSE,500,3MINDIA
513,BOMDYEING-EQ,BOMDYEING,,-1,1,,NSE,1,BOMDYEING
5049,CLEAN-EQ,CLEAN,,-1,1,,NSE,10,CLEAN
5265,ALIVUS-EQ,ALIVUS,,-1,1,,NSE,10,ALIVUS
5306,FMCGIETF-EQ,FMCGIETF,,-1,1,,NSE,1,FMCGIETF
5366,WINDLAS-EQ,WINDLAS,,-1,1,,NSE,5,WINDLAS
5378,ASAHIINDIA-EQ,ASAHIINDIA,,-1,1,,NSE,5,ASAHIINDIA
5385,AAVAS-EQ,AAVAS,,-1,1,,NSE,10,AAVAS
5549,ABMINTLLTD-EQ,ABMINTLLTD,,-1,1,,NSE,1,ABMINTLLTD
5911,PARAS-EQ,PARAS,,-1,1,,NSE,10,PARAS
6227,DTIL-EQ,DTIL,,-1,1,,NSE,1,DTIL
7053,ACCELYA-EQ,ACCELYA,,-1,1,,NSE,10,ACCELYA
7376,HPAL-EQ,HPAL,,-1,1,,NSE,1,HPAL
7457,HAVISHA-EQ,HAVISHA,,-1,1,,NSE,1,HAVISHA
7463,MANAKSTEEL-EQ,MANAKSTEEL,,-1,1,,NSE,1,MANAKSTEEL
7553,NRBBEARING-EQ,NRBBEARING,,-1,1,,NSE,5,NRBBEARING
756324,NPST-EQ,NPST,,-1,1,,NSE,10,NPST
756900,MON50EQUAL-EQ,MON50EQUAL,,-1,1,,NSE,1,MON50EQUAL
757031,MOINFRA-EQ,MOINFRA,,-1,1,,NSE,1,MOINFRA
757167,MONEXT50-EQ,MONEXT50,,-1,1,,NSE,1,MONEXT50
772,DABUR-EQ,DABUR,,-1,1,,NSE,5,DABUR
811,DCMSHRIRAM-EQ,DCMSHRIRAM,,-1,1,,NSE,10,DCMSHRIRAM
8077,MIDCAP-EQ,MIDCAP,,-1,1,,NSE,1,MIDCAP
8146,DEVIT-EQ,DEVIT,,-1,1,,NSE,1,DEVIT
8153,MEGASTAR-EQ,MEGASTAR,,-1,1,,NSE,5,MEGASTAR
8591,AKSHOPTFBR-EQ,AKSHOPTFBR,,-1,1,,NSE,1,AKSHOPTFBR
881,DRREDDY-EQ,DRREDDY,,-1,1,,NSE,10,DRREDDY
8825,PRIVISCL-EQ,PRIVISCL,,-1,1,,NSE,10,PRIVISCL
8827,AVROIND-EQ,AVROIND,,-1,1,,NSE,1,AVROIND
8866,CHOICEIN-EQ,CHOICEIN,,-1,1,,NSE,5,CHOICEIN
8890,VERANDA-EQ,VERANDA,,-1,1,,NSE,1,VERANDA
9014,ANUP-EQ,ANUP,,-1,1,,NSE,10,ANUP
916,EIDPARRY-EQ,EIDPARRY,,-1,1,,NSE,5,EIDPARRY
9111,ARVINDFASN-EQ,ARVINDFASN,,-1,1,,NSE,5,ARVINDFASN
9117,TIPSMUSIC-EQ,TIPSMUSIC,,-1,1,,NSE,5,TIPSMUSIC
9168,UTISXN50-EQ,UTISXN50,,-1,1,,NSE,1,UTISXN50
9553,PRUDENT-EQ,PRUDENT,,-1,1,,NSE,10,PRUDENT
958,ESCORTS-EQ,ESCORTS,,-1,1,,NSE,10,ESCORTS
9576,MAHESHWARI-EQ,MAHESHWARI,,-1,1,,NSE,1,MAHESHWARI
9889,SMARTLINK-EQ,SMARTLINK,,-1,1,,NSE,1,SMARTLINK
25073,RAYMONDLSL-EQ,RAYMONDLSL,,-1,1,,NSE,10,RAYMONDLSL
25171,TOP10ADD-EQ,TOP10ADD,,-1,1,,NSE,1,TOP10ADD
25258,EBANKNIFTY-EQ,EBANKNIFTY,,-1,1,,NSE,1,EBANKNIFTY
25482,TIJARIA-EQ,TIJARIA,,-1,1,,NSE,1,TIJARIA
25626,UYFINCORP-EQ,UYFINCORP,,-1,1,,NSE,1,UYFINCORP
25800,GARUDA-EQ,GARUDA,,-1,1,,NSE,1,GARUDA
25872,GROWWGOLD-EQ,GROWWGOLD,,-1,1,,NSE,1,GROWWGOLD
25984,AVL-EQ,AVL,,-1,1,,NSE,5,AVL
2649,PCBL-EQ,PCBL,,-1,1,,NSE,5,PCBL
2708,PRAKASH-EQ,PRAKASH,,-1,1,,NSE,1,PRAKASH
27213,EIEL-EQ,EIEL,,-1,1,,NSE,1,EIEL
2792,EASEMYTRIP-EQ,EASEMYTRIP,,-1,1,,NSE,1,EASEMYTRIP
28046,MOBIKWIK-EQ,MOBIKWIK,,-1,1,,NSE,5,MOBIKWIK
28687,MAMATA-EQ,MAMATA,,-1,1,,NSE,5,MAMATA
28764,CEWATER-EQ,CEWATER,,-1,1,,NSE,5,CEWATER
29711,QPOWER-EQ,QPOWER,,-1,1,,NSE,5,QPOWER
29731,GUJTHEM-EQ,GUJTHEM,,-1,1,,NSE,5,GUJTHEM
2988,SANDESH-EQ,SANDESH,,-1,1,,NSE,10,SANDESH
29872,GROWWN200-EQ,GROWWN200,,-1,1,,NSE,1,GROWWN200
29962,JUSTDIAL-EQ,JUSTDIAL,,-1,1,,NSE,5,JUSTDIAL
30065,MOCAPITAL-EQ,MOCAPITAL,,-1,1,,NSE,1,MOCAPITAL
3129,TRANSWORLD-EQ,TRANSWORLD,,-1,1,,NSE,5,TRANSWORLD
31163,RHIM-EQ,RHIM,,-1,1,,NSE,5,RHIM
3150,SIEMENS-EQ,SIEMENS,,-1,1,,NSE,10,SIEMENS
324,ANGELONE-EQ,ANGELONE,,-1,1,,NSE,10,ANGELONE
3291,STARPAPER-EQ,STARPAPER,,-1,1,,NSE,1,STARPAPER
3321,SPMLINFRA-EQ,SPMLINFRA,,-1,1,,NSE,1,SPMLINFRA
3357,SUPERSPIN-EQ,SUPERSPIN,,-1,1,,NSE,1,SUPERSPIN
3405,TATACHEM-EQ,TATACHEM,,-1,1,,NSE,5,TATACHEM
3417,HONAUT-EQ,HONAUT,,-1,1,,NSE,500,HONAUT
3466,TFCILTD-EQ,TFCILTD,,-1,1,,NSE,1,TFCILTD
3481,THOMASCOOK-EQ,THOMASCOOK,,-1,1,,NSE,1,THOMASCOOK
3507,MAFANG-EQ,MAFANG,,-1,1,,NSE,1,MAFANG
3694,VINDHYATEL-EQ,VINDHYATEL,,-1,1,,NSE,10,VINDHYATEL
3715,VLSFINANCE-EQ,VLSFINANCE,,-1,1,,NSE,1,VLSFINANCE
3757,VENKEYS-EQ,VENKEYS,,-1,1,,NSE,10,VENKEYS
3857,VARROC-EQ,VARROC,,-1,1,,NSE,5,VARROC
3880,SOMANYCERA-EQ,SOMANYCERA,,-1,1,,NSE,5,SOMANYCERA
425,KHADIM-EQ,KHADIM,,-1,1,,NSE,5,KHADIM
4064,CUBEXTUB-EQ,CUBEXTUB,,-1,1,,NSE,1,CUBEXTUB
4391,GULFOILLUB-EQ,GULFOILLUB,,-1,1,,NSE,10,GULFOILLUB
4422,INDIANCARD-EQ,INDIANCARD,,-1,1,,NSE,5,INDIANCARD
4525,DYNAMATECH-EQ,DYNAMATECH,,-1,1,,NSE,50,DYNAMATECH
4656,SBCL-EQ,SBCL,,-1,1,,NSE,5,SBCL
4843,SNOWMAN-EQ,SNOWMAN,,-1,1,,NSE,1,SNOWMAN
495,BLUEDART-EQ,BLUEDART,,-1,1,,NSE,50,BLUEDART
4986,IRCON-EQ,IRCON,,-1,1,,NSE,1,IRCON
509,MAZDOCK-EQ,MAZDOCK,,-1,1,,NSE,10,MAZDOCK
5097,ETERNAL-EQ,ETERNAL,,-1,1,,NSE,1,ETERNAL
5186,STYLAMIND-EQ,STYLAMIND,,-1,1,,NSE,10,STYLAMIND
5292,PRITIKAUTO-EQ,PRITIKAUTO,,-1,1,,NSE,1,PRITIKAUTO
5359,KRSNAA-EQ,KRSNAA,,-1,1,,NSE,5,KRSNAA
547,BRITANNIA-EQ,BRITANNIA,,-1,1,,NSE,50,BRITANNIA
5394,MOL-EQ,MOL,,-1,1,,NSE,1,MOL
5528,KOTHARIPRO-EQ,KOTHARIPRO,,-1,1,,NSE,1,KOTHARIPRO
5585,VIJAYA-EQ,VIJAYA,,-1,1,,NSE,5,VIJAYA
5622,ITDCEM-EQ,ITDCEM,,-1,1,,NSE,5,ITDCEM
5782,MASPTOP50-EQ,MASPTOP50,,-1,1,,NSE,1,MASPTOP50
5865,LAGNAM-EQ,LAGNAM,,-1,1,,NSE,1,LAGNAM
595,CARBORUNIV-EQ,CARBORUNIV,,-1,1,,NSE,5,CARBORUNIV
6006,COASTCORP-EQ,COASTCORP,,-1,1,,NSE,1,COASTCORP
6018,ABSLAMC-EQ,ABSLAMC,,-1,1,,NSE,5,ABSLAMC
6068,AIROLAM-EQ,AIROLAM,,-1,1,,NSE,1,AIROLAM
6278,MEDICAMEQ-EQ,MEDICAMEQ,,-1,1,,NSE,5,MEDICAMEQ
6606,EQUAL50ADD-EQ,EQUAL50ADD,,-1,1,,NSE,1,EQUAL50ADD
6711,IVC-EQ,IVC,,-1,1,,NSE,1,IVC
6803,STEELCAS-EQ,STEELCAS,,-1,1,,NSE,10,STEELCAS
6843,SMLT-EQ,SMLT,,-1,1,,NSE,1,SMLT
6961,MENONBE-EQ,MENONBE,,-1,1,,NSE,1,MENONBE
7105,TEGA-EQ,TEGA,,-1,1,,NSE,10,TEGA
7196,BBETF0432-EQ,BBETF0432,,-1,1,,NSE,1,BBETF0432
7242,METROBRAND-EQ,METROBRAND,,-1,1,,NSE,10,METROBRAND
7325,DCMSRIND-EQ,DCMSRIND,,-1,1,,NSE,1,DCMSRIND
7413,MANAKCOAT-EQ,MANAKCOAT,,-1,1,,NSE,1,MANAKCOAT
7456,MIDQ50ADD-EQ,MIDQ50ADD,,-1,1,,NSE,1,MIDQ50ADD
7508,ZENTEC-EQ,ZENTEC,,-1,1,,NSE,10,ZENTEC
757014,THELEELA-EQ,THELEELA,,-1,1,,NSE,5,THELEELA
757455,SNXT30BEES-EQ,SNXT30BEES,,-1,1,,NSE,1,SNXT30BEES
757520,BLUSPRING-EQ,BLUSPRING,,-1,1,,NSE,1,BLUSPRING
7672,IMAGICAA-EQ,IMAGICAA,,-1,1,,NSE,1,IMAGICAA
7780,BCONCEPTS-EQ,BCONCEPTS,,-1,1,,NSE,5,BCONCEPTS
7936,AVANTIFEED-EQ,AVANTIFEED,,-1,1,,NSE,5,AVANTIFEED
7982,GRWRHITECH-EQ,GRWRHITECH,,-1,1,,NSE,10,GRWRHITECH
8159,FIBERWEB-EQ,FIBERWEB,,-1,1,,NSE,1,FIBERWEB
8413,MIDCAPETF-EQ,MIDCAPETF,,-1,1,,NSE,1,MIDCAPETF
910,EICHERMOT-EQ,EICHERMOT,,-1,1,,NSE,50,EICHERMOT
9116,INDOAMIN-EQ,INDOAMIN,,-1,1,,NSE,1,INDOAMIN
919,EIHOTEL-EQ,EIHOTEL,,-1,1,,NSE,5,EIHOTEL
936,DPABHUSHAN-EQ,DPABHUSHAN,,-1,1,,NSE,10,DPABHUSHAN
9309,STLTECH-EQ,STLTECH,,-1,1,,NSE,1,STLTECH
940,PGHL-EQ,PGHL,,-1,1,,NSE,50,PGHL
9592,VENUSPIPES-EQ,VENUSPIPES,,-1,1,,NSE,10,VENUSPIPES
9921,ALANKIT-EQ,ALANKIT,,-1,1,,NSE,1,ALANKIT
2513,BCLIND-EQ,BCLIND,,-1,1,,NSE,1,BCLIND
25134,GALAPREC-EQ,GALAPREC,,-1,1,,NSE,5,GALAPREC
25203,BALAJEE-EQ,BALAJEE,,-1,1,,NSE,1,BALAJEE
25640,LICMFGOLD-EQ,LICMFGOLD,,-1,1,,NSE,5,LICMFGOLD
25690,DSSL-EQ,DSSL,,-1,1,,NSE,10,DSSL
25724,RUPA-EQ,RUPA,,-1,1,,NSE,1,RUPA
25718,POLYMED-EQ,POLYMED,,-1,1,,NSE,10,POLYMED
25756,VIKASECO-EQ,VIKASECO,,-1,1,,NSE,1,VIKASECO
27047,MASTERTR-EQ,MASTERTR,,-1,1,,NSE,1,MASTERTR
275,AUROPHARMA-EQ,AUROPHARMA,,-1,1,,NSE,10,AUROPHARMA
2783,JUBLINGREA-EQ,JUBLINGREA,,-1,1,,NSE,5,JUBLINGREA
2794,RSWM-EQ,RSWM,,-1,1,,NSE,1,RSWM
2809,RAJSREESUG-EQ,RAJSREESUG,,-1,1,,NSE,1,RAJSREESUG
2814,ARVEE-EQ,ARVEE,,-1,1,,NSE,1,ARVEE
2841,LXCHEM-EQ,LXCHEM,,-1,1,,NSE,1,LXCHEM
29019,ECAPINSURE-EQ,ECAPINSURE,,-1,1,,NSE,1,ECAPINSURE
29087,QUADFUTURE-EQ,QUADFUTURE,,-1,1,,NSE,5,QUADFUTURE
29284,VMART-EQ,VMART,,-1,1,,NSE,10,VMART
29666,HEXT-EQ,HEXT,,-1,1,,NSE,5,HEXT
2997,SANGHIIND-EQ,SANGHIIND,,-1,1,,NSE,1,SANGHIIND
3010,AXISTECETF-EQ,AXISTECETF,,-1,1,,NSE,1,AXISTECETF
30121,EQUAL200-EQ,EQUAL200,,-1,1,,NSE,1,EQUAL200
30134,PRABHA-EQ,PRABHA,,-1,1,,NSE,1,PRABHA
3018,SAURASHCEM-EQ,SAURASHCEM,,-1,1,,NSE,1,SAURASHCEM
30455,SPECTRUM-EQ,SPECTRUM,,-1,1,,NSE,10,SPECTRUM
31017,THOMASCOTT-EQ,THOMASCOTT,,-1,1,,NSE,5,THOMASCOTT
3103,SHREECEM-EQ,SHREECEM,,-1,1,,NSE,500,SHREECEM
31507,JPOLYINVST-EQ,JPOLYINVST,,-1,1,,NSE,5,JPOLYINVST
3220,LODHA-EQ,LODHA,,-1,1,,NSE,10,LODHA
3292,DEEPINDS-EQ,DEEPINDS,,-1,1,,NSE,5,DEEPINDS
3345,SUNDRMFAST-EQ,SUNDRMFAST,,-1,1,,NSE,10,SUNDRMFAST
3389,AGARIND-EQ,AGARIND,,-1,1,,NSE,5,AGARIND
3396,TAINWALCHM-EQ,TAINWALCHM,,-1,1,,NSE,1,TAINWALCHM
3432,TATACONSUM-EQ,TATACONSUM,,-1,1,,NSE,10,TATACONSUM
3563,ADANIGREEN-EQ,ADANIGREEN,,-1,1,,NSE,10,ADANIGREEN
3718,VOLTAS-EQ,VOLTAS,,-1,1,,NSE,10,VOLTAS
3761,RITES-EQ,RITES,,-1,1,,NSE,5,RITES
381,SINTERCOM-EQ,SINTERCOM,,-1,1,,NSE,1,SINTERCOM
3766,WHEELS-EQ,WHEELS,,-1,1,,NSE,5,WHEELS
3799,WSTCSTPAPR-EQ,WSTCSTPAPR,,-1,1,,NSE,5,WSTCSTPAPR
3812,ZEEL-EQ,ZEEL,,-1,1,,NSE,1,ZEEL
3972,PARASPETRO-EQ,PARASPETRO,,-1,1,,NSE,1,PARASPETRO
395,BEML-EQ,BEML,,-1,1,,NSE,10,BEML
3963,GOCLCORP-EQ,GOCLCORP,,-1,1,,NSE,5,GOCLCORP
404,BERGEPAINT-EQ,BERGEPAINT,,-1,1,,NSE,5,BERGEPAINT
4055,PANACEABIO-EQ,PANACEABIO,,-1,1,,NSE,5,PANACEABIO
4176,ZENITHEXPO-EQ,ZENITHEXPO,,-1,1,,NSE,5,ZENITHEXPO
4204,MOTHERSON-EQ,MOTHERSON,,-1,1,,NSE,1,MOTHERSON
4235,WENDT-EQ,WENDT,,-1,1,,NSE,50,WENDT
4306,SHRIRAMFIN-EQ,SHRIRAMFIN,,-1,1,,NSE,5,SHRIRAMFIN
4410,JAGSNPHARM-EQ,JAGSNPHARM,,-1,1,,NSE,1,JAGSNPHARM
4421,CREDITACC-EQ,CREDITACC,,-1,1,,NSE,10,CREDITACC
445,5PAISA-EQ,5PAISA,,-1,1,,NSE,5,5PAISA
4491,JCHAC-EQ,JCHAC,,-1,1,,NSE,10,JCHAC
4587,RAMCOIND-EQ,RAMCOIND,,-1,1,,NSE,5,RAMCOIND
4668,BANKBARODA-EQ,BANKBARODA,,-1,1,,NSE,1,BANKBARODA
4749,CONCOR-EQ,CONCOR,,-1,1,,NSE,5,CONCOR
4751,INDRAMEDCO-EQ,INDRAMEDCO,,-1,1,,NSE,5,INDRAMEDCO
4920,HINDCON-EQ,HINDCON,,-1,1,,NSE,1,HINDCON
4957,GANGAFORGE-EQ,GANGAFORGE,,-1,1,,NSE,1,GANGAFORGE
5108,KPIGREEN-EQ,KPIGREEN,,-1,1,,NSE,5,KPIGREEN
522,ICICIB22-EQ,ICICIB22,,-1,1,,NSE,1,ICICIB22
5194,ANTGRAPHIC-EQ,ANTGRAPHIC,,-1,1,,NSE,1,ANTGRAPHIC
5258,INDUSINDBK-EQ,INDUSINDBK,,-1,1,,NSE,5,INDUSINDBK
5751,SANSERA-EQ,SANSERA,,-1,1,,NSE,10,SANSERA
583,CANFINHOME-EQ,CANFINHOME,,-1,1,,NSE,5,CANFINHOME
6302,APOLSINHOT-EQ,APOLSINHOT,,-1,1,,NSE,10,APOLSINHOT
6733,JINDALSTEL-EQ,JINDALSTEL,,-1,1,,NSE,5,JINDALSTEL
6848,GREENLAM-EQ,GREENLAM,,-1,1,,NSE,5,GREENLAM
6964,GOCOLORS-EQ,GOCOLORS,,-1,1,,NSE,5,GOCOLORS
6994,BSOFT-EQ,BSOFT,,-1,1,,NSE,5,BSOFT
7030,ASIANENE-EQ,ASIANENE,,-1,1,,NSE,5,ASIANENE
708,SHRADHA-EQ,SHRADHA,,-1,1,,NSE,1,SHRADHA
7048,HESTERBIO-EQ,HESTERBIO,,-1,1,,NSE,10,HESTERBIO
715,HEUBACHIND-EQ,HEUBACHIND,,-1,1,,NSE,5,HEUBACHIND
7276,UDAICEMENT-EQ,UDAICEMENT,,-1,1,,NSE,1,UDAICEMENT
7358,DATAPATTNS-EQ,DATAPATTNS,,-1,1,,NSE,10,DATAPATTNS
739,COROMANDEL-EQ,COROMANDEL,,-1,1,,NSE,10,COROMANDEL
7412,ALPHA-EQ,ALPHA,,-1,1,,NSE,1,ALPHA
755881,EVIETF-EQ,EVIETF,,-1,1,,NSE,1,EVIETF
756038,WAAREERTL-EQ,WAAREERTL,,-1,1,,NSE,10,WAAREERTL
756150,SILVER360-EQ,SILVER360,,-1,1,,NSE,1,SILVER360
757096,AONENIFTY-EQ,AONENIFTY,,-1,1,,NSE,1,AONENIFTY
757102,BELRISE-EQ,BELRISE,,-1,1,,NSE,1,BELRISE
757142,EQUAL50-EQ,EQUAL50,,-1,1,,NSE,1,EQUAL50
758300,GROWWLOVOL-EQ,GROWWLOVOL,,-1,1,,NSE,1,GROWWLOVOL
79,ALEMBICLTD-EQ,ALEMBICLTD,,-1,1,,NSE,1,ALEMBICLTD
8182,MOMOMENTUM-EQ,MOMOMENTUM,,-1,1,,NSE,1,MOMOMENTUM
8266,SOFTTECH-EQ,SOFTTECH,,-1,1,,NSE,5,SOFTTECH
8311,BLUESTARCO-EQ,BLUESTARCO,,-1,1,,NSE,10,BLUESTARCO
8341,CALSOFT-EQ,CALSOFT,,-1,1,,NSE,1,CALSOFT
8479,TVSMOTOR-EQ,TVSMOTOR,,-1,1,,NSE,10,TVSMOTOR
8944,RITCO-EQ,RITCO,,-1,1,,NSE,5,RITCO
9049,ROTO-EQ,ROTO,,-1,1,,NSE,5,ROTO
928,ELECTCAST-EQ,ELECTCAST,,-1,1,,NSE,1,ELECTCAST
9219,TPLPLASTEH-EQ,TPLPLASTEH,,-1,1,,NSE,1,TPLPLASTEH
9354,TAJGVK-EQ,TAJGVK,,-1,1,,NSE,5,TAJGVK
955,ESABINDIA-EQ,ESABINDIA,,-1,1,,NSE,50,ESABINDIA
9552,RVNL-EQ,RVNL,,-1,1,,NSE,5,RVNL
9641,KHANDSE-EQ,KHANDSE,,-1,1,,NSE,1,KHANDSE
9685,TRIDENT-EQ,TRIDENT,,-1,1,,NSE,1,TRIDENT
9847,NV20BEES-EQ,NV20BEES,,-1,1,,NSE,1,NV20BEES
9867,NEXTMEDIA-EQ,NEXTMEDIA,,-1,1,,NSE,1,NEXTMEDIA
